Word,zipf
的,7.79
是,7.17
在,7.16
了,7.14
我,6.95
和,6.86
有,6.83
不,6.76
人,6.74
你,6.7
也,6.7
为,6.69
他,6.68
这,6.68
中,6.65
年,6.64
与,6.64
对,6.63
就,6.6
都,6.59
一个,6.56
上,6.55
说,6.55
吗,6.53
我们,6.53
会,6.48
到,6.48
要,6.46
来,6.45
中国,6.44
月,6.44
被,6.42
他们,6.4
没有,6.38
还,6.38
而,6.36
个,6.35
可以,6.34
后,6.33
等,6.33
但,6.32
于,6.31
什么,6.3
日,6.3
这个,6.3
将,6.29
能,6.29
并,6.29
很,6.27
一,6.27
让,6.26
国家,6.25
从,6.25
以,6.24
好,6.24
大,6.23
她,6.23
着,6.22
多,6.21
自己,6.2
问题,6.19
给,6.18
时,6.18
把,6.17
看,6.16
去,6.16
又,6.14
美国,6.14
或,6.12
因为,6.11
下,6.1
之,6.1
现在,6.1
过,6.1
不是,6.1
里,6.09
新,6.09
由,6.08
做,6.08
及,6.08
地,6.08
用,6.07
没,6.07
怎么,6.07
就是,6.06
已经,6.06
更,6.06
这些,6.05
得,6.04
所,6.04
发展,6.03
开始,6.03
想,6.03
最,6.03
这样,6.03
公司,6.02
它,6.02
政府,6.02
可能,6.01
那,6.01
社会,5.99
工作,5.99
可,5.98
三,5.98
吧,5.98
进行,5.97
如果,5.97
知道,5.97
日本,5.96
其,5.96
该,5.96
世界,5.96
向,5.94
只,5.94
不能,5.94
计划,5.94
成为,5.93
时间,5.93
前,5.93
认为,5.93
需要,5.93
出,5.92
已,5.92
啊,5.92
时候,5.89
当,5.89
小,5.89
国际,5.89
地区,5.89
再,5.89
却,5.88
们,5.88
内,5.88
才,5.87
使用,5.87
经济,5.87
活动,5.86
爱,5.86
政治,5.85
第,5.85
谁,5.85
应该,5.85
但是,5.85
历史,5.85
以及,5.84
真的,5.84
组织,5.84
不会,5.84
情况,5.84
人民,5.83
其他,5.83
发生,5.83
网站,5.82
香港,5.82
主要,5.82
号,5.82
地方,5.82
生活,5.81
这种,5.81
通过,5.8
你们,5.8
快,5.79
同时,5.79
事,5.79
必须,5.79
为了,5.79
所有,5.78
跟,5.78
比,5.78
所以,5.78
请,5.77
还有,5.77
发现,5.77
包括,5.77
长,5.77
决定,5.76
一些,5.76
如何,5.76
呢,5.76
全国,5.76
出现,5.76
还是,5.76
为什么,5.76
觉得,5.75
重要,5.75
一样,5.75
企业,5.75
其中,5.75
北京,5.75
高,5.75
影响,5.74
则,5.73
喜欢,5.73
文化,5.73
起来,5.73
作为,5.72
学生,5.72
希望,5.72
技术,5.72
提供,5.72
钱,5.72
那么,5.72
要求,5.72
不过,5.72
至,5.72
不同,5.71
一定,5.71
电影,5.71
不要,5.7
像,5.7
点,5.7
万,5.7
使,5.7
研究,5.69
只是,5.69
关系,5.69
听,5.69
这么,5.69
此,5.68
系统,5.68
根据,5.68
出来,5.68
起,5.68
服务,5.67
两,5.67
这里,5.67
自,5.67
只有,5.67
结果,5.67
任何,5.67
看到,5.66
带,5.66
一起,5.66
因此,5.66
国,5.66
走,5.66
如,5.66
游戏,5.66
虽然,5.66
代表,5.65
吃,5.65
今天,5.65
支持,5.65
而且,5.65
无,5.65
岁,5.65
中心,5.65
较,5.65
话,5.65
人们,5.65
区,5.64
约,5.64
一直,5.64
么,5.64
者,5.64
市场,5.64
城市,5.64
太,5.64
家,5.64
继续,5.64
最后,5.64
由于,5.63
东西,5.63
教育,5.63
之后,5.63
内容,5.63
对于,5.63
许多,5.63
问,5.63
特别,5.63
获得,5.63
开,5.63
目前,5.62
两个,5.62
资料,5.62
学校,5.62
大学,5.62
朋友,5.62
方式,5.62
站,5.62
这是,5.62
表示,5.62
关于,5.61
安全,5.61
因,5.61
成,5.61
写,5.61
一种,5.61
元,5.61
孩子,5.61
打,5.6
大家,5.6
部分,5.6
运动,5.6
死,5.59
非常,5.59
很多,5.59
见,5.59
分,5.59
新闻,5.58
买,5.58
叫,5.58
自由,5.58
建设,5.58
图,5.58
台湾,5.58
有人,5.58
曾,5.58
那些,5.57
参加,5.57
当时,5.57
过去,5.57
完全,5.56
产品,5.56
即,5.56
道,5.56
会议,5.56
单位,5.56
有关,5.56
相关,5.56
生产,5.56
得到,5.56
建立,5.56
国内,5.55
然后,5.55
天,5.55
委员会,5.55
选择,5.55
总,5.55
那个,5.55
人口,5.54
领导,5.54
一切,5.54
一次,5.54
正,5.54
无法,5.54
应,5.54
进入,5.54
另,5.54
记者,5.54
能够,5.54
管理,5.54
间,5.53
上海,5.53
党,5.53
个人,5.53
便,5.53
完成,5.52
一般,5.52
发,5.52
达,5.52
本,5.52
干,5.52
环境,5.52
网络,5.52
名,5.52
称,5.51
找,5.51
提出,5.51
一点,5.51
保护,5.51
甚至,5.51
民主,5.51
当然,5.5
事件,5.5
过程,5.5
视频,5.5
您,5.5
机构,5.5
玩,5.5
法律,5.5
进,5.49
直接,5.49
准备,5.49
真,5.49
县,5.49
受,5.49
设计,5.49
种,5.48
比较,5.48
照片,5.48
女,5.48
事情,5.48
之间,5.48
人员,5.48
哪里,5.48
处,5.48
信息,5.48
每,5.48
最大,5.48
报告,5.48
战争,5.48
或者,5.48
成功,5.48
总统,5.48
学习,5.48
存在,5.48
人有,5.48
英国,5.48
科技,5.47
项目,5.47
改变,5.47
时期,5.47
政策,5.47
方法,5.47
正在,5.47
各,5.47
接受,5.47
市,5.47
不断,5.46
以后,5.46
位,5.46
作,5.46
一下,5.46
资源,5.46
认识,5.46
合作,5.46
网,5.46
省,5.46
次,5.46
未,5.46
集团,5.46
故事,5.46
方面,5.46
老,5.46
有些,5.46
经,5.45
是否,5.45
科学,5.45
任务,5.45
之前,5.45
原因,5.45
专业,5.45
规定,5.45
女人,5.45
外,5.45
成立,5.45
小时,5.45
参与,5.45
解决,5.44
时代,5.44
电话,5.44
处理,5.44
多少,5.44
拥有,5.44
了解,5.44
副,5.44
举行,5.44
感觉,5.44
能力,5.44
艺术,5.44
马,5.44
连,5.43
韩国,5.43
中有,5.43
传统,5.43
全球,5.43
超过,5.43
路,5.43
行为,5.43
行,5.43
美,5.43
独立,5.43
机会,5.43
其实,5.43
产生,5.42
人类,5.42
分析,5.42
制,5.42
各种,5.42
告诉,5.42
它们,5.42
手机,5.42
投资,5.42
拿,5.42
期间,5.42
法国,5.42
目标,5.42
真正,5.42
调查,5.42
世纪,5.41
严重,5.41
仍,5.41
军,5.41
同,5.41
哪,5.41
增加,5.41
帮助,5.41
并且,5.41
行动,5.41
造成,5.41
作品,5.4
先,5.4
占,5.4
受到,5.4
台,5.4
基础,5.4
家庭,5.4
工业,5.4
杀,5.4
相信,5.4
第一,5.4
负责,5.4
二,5.39
住,5.39
具有,5.39
学,5.39
实现,5.39
怎样,5.39
据,5.39
控制,5.39
根本,5.39
男人,5.39
结束,5.39
非,5.39
书,5.38
亦,5.38
别,5.38
努力,5.38
只要,5.38
回,5.38
如此,5.38
媒体,5.38
才能,5.38
整个,5.38
来自,5.38
经过,5.38
群众,5.38
选举,5.38
以下,5.37
利用,5.37
制度,5.37
我国,5.37
欧洲,5.37
每个,5.37
比赛,5.37
表现,5.37
达到,5.37
主席,5.36
以上,5.36
以来,5.36
几个,5.36
办法,5.36
图片,5.36
年代,5.36
开发,5.36
心,5.36
成员,5.36
未来,5.36
讲,5.36
革命,5.36
价值,5.35
反,5.35
基本,5.35
导致,5.35
条,5.35
注意,5.35
的话,5.35
离开,5.35
送,5.35
除了,5.35
加入,5.34
反对,5.34
发布,5.34
啦,5.34
属于,5.34
建筑,5.34
形成,5.34
数据,5.34
版,5.34
行政,5.34
银行,5.34
音乐,5.34
中年,5.34
变化,5.33
增长,5.33
官方,5.33
之一,5.33
性,5.33
指,5.33
是不是,5.33
显示,5.33
经验,5.33
语言,5.33
我来,5.33
德国,5.33
医院,5.32
均,5.32
建议,5.32
怎么样,5.32
指出,5.32
期,5.32
专家,5.32
价格,5.32
条件,5.32
权利,5.32
来说,5.32
标准,5.32
这次,5.32
部门,5.32
法,5.32
说明,5.32
可是,5.31
改革,5.31
母亲,5.31
米,5.31
系列,5.31
联系,5.31
全,5.31
变,5.31
警察,5.31
记录,5.31
不仅,5.3
人物,5.3
后来,5.3
女性,5.3
共,5.3
别人,5.3
最高,5.3
机关,5.3
水,5.3
生,5.3
用户,5.3
确定,5.3
意见,5.3
执行,5.3
解释,5.3
中央,5.29
以前,5.29
俄罗斯,5.29
分别,5.29
区域,5.29
先生,5.29
关注,5.29
理论,5.29
简单,5.29
结构,5.29
综合,5.29
老师,5.29
讨论,5.29
工程,5.29
父亲,5.29
采用,5.29
证明,5.29
上年,5.29
一位,5.28
公开,5.28
不到,5.28
儿子,5.28
全部,5.28
当地,5.28
宣布,5.28
发表,5.28
最近,5.28
自然,5.28
社区,5.28
派,5.28
那里,5.28
功能,5.27
坚持,5.27
学院,5.27
找到,5.27
意思,5.27
以为,5.27
介绍,5.27
这会,5.27
今年,5.27
人来,5.27
提高,5.27
搞,5.27
车,5.27
范围,5.27
实施,5.26
旅游,5.26
手,5.26
组成,5.26
正式,5.26
级,5.26
类,5.26
民族,5.26
同样,5.26
原,5.26
取得,5.26
土地,5.26
力量,5.26
共同,5.26
农业,5.26
例如,5.26
实际,5.25
看看,5.25
精神,5.25
电视,5.25
与会,5.25
健康,5.25
保证,5.25
开放,5.25
容易,5.25
永远,5.25
消息,5.25
权力,5.25
持续,5.25
些,5.25
然而,5.25
重点,5.25
考虑,5.25
场,5.25
一天,5.25
大量,5.25
领域,5.24
另外,5.24
里面,5.24
足球,5.24
位于,5.24
女儿,5.24
妈妈,5.24
印度,5.24
免费,5.24
应用,5.24
变成,5.24
声音,5.24
型,5.24
明白,5.24
相当,5.24
汽车,5.24
设备,5.24
终于,5.24
美元,5.24
线,5.24
空间,5.24
想要,5.24
按,5.24
最终,5.24
亿,5.23
意义,5.23
靠,5.23
产业,5.23
面积,5.23
分钟,5.23
回来,5.23
跑,5.23
若,5.23
男,5.23
生命,5.23
文章,5.23
报,5.23
作用,5.23
几乎,5.23
哦,5.23
十分,5.23
拉,5.22
一是,5.22
亚洲,5.22
队,5.22
统一,5.22
曾经,5.22
原来,5.22
加,5.22
唯一,5.22
少,5.22
居民,5.22
名字,5.22
肯定,5.22
而是,5.22
真是,5.22
结合,5.22
所谓,5.22
门,5.21
重新,5.21
且,5.21
系,5.21
三个,5.21
人士,5.21
低,5.21
军队,5.21
大陆,5.21
官员,5.21
引起,5.21
拍,5.21
放,5.21
明显,5.21
现场,5.21
现象,5.21
目的,5.21
确实,5.21
稳定,5.21
说来,5.2
西方,5.2
金,5.2
加强,5.2
强调,5.2
总是,5.2
式,5.2
完,5.2
笑,5.2
职业,5.2
死亡,5.2
穿,5.2
联合,5.2
西,5.2
模式,5.2
教师,5.2
近,5.2
难,5.19
宣传,5.19
也许,5.19
属,5.19
带来,5.19
强,5.19
军事,5.19
电子,5.19
节目,5.19
更加,5.19
每天,5.19
越,5.19
选,5.19
阅读,5.19
平台,5.19
有没有,5.18
抓,5.18
愿意,5.18
张,5.18
感到,5.18
小说,5.18
实行,5.18
现代,5.18
理解,5.18
知识,5.18
行业,5.18
谈,5.18
责任,5.18
转,5.18
长期,5.18
任,5.18
四,5.18
办,5.18
公民,5.18
一条,5.18
事实,5.18
一年,5.18
飞机,5.18
来源,5.18
农民,5.17
仅,5.17
下来,5.17
减少,5.17
内部,5.17
保持,5.17
东,5.17
字,5.17
最好,5.17
欢迎,5.17
机场,5.17
状态,5.17
狗,5.17
看见,5.17
真实,5.17
至少,5.17
报道,5.17
形式,5.17
帮,5.17
失去,5.17
女孩,5.17
卖,5.17
攻击,5.17
进一步,5.17
经历,5.17
黑,5.17
错误,5.17
动,5.17
规模,5.17
仍然,5.16
担心,5.16
早,5.16
动物,5.16
交易,5.16
承认,5.16
思想,5.16
届,5.16
只能,5.16
反应,5.16
苏联,5.16
清楚,5.16
积极,5.16
相,5.16
经营,5.16
绝对,5.16
花,5.16
经常,5.16
部,5.16
谢谢,5.16
那样,5.16
身体,5.16
黄,5.16
采取,5.16
此外,5.16
主,5.15
一名,5.15
体育,5.15
农村,5.15
分享,5.15
到底,5.15
同意,5.15
和平,5.15
好像,5.15
第一次,5.15
观点,5.15
尽管,5.15
方案,5.15
段,5.15
每年,5.15
青年,5.15
不想,5.15
子,5.15
尤其,5.15
算,5.14
类似,5.14
设立,5.14
资金,5.14
限制,5.14
无论,5.14
晚上,5.14
正常,5.14
件,5.14
信,5.14
创造,5.14
创新,5.14
公布,5.14
关,5.14
工具,5.14
在于,5.14
外国,5.14
她们,5.14
提,5.14
总理,5.14
协议,5.14
即使,5.14
一场,5.13
不再,5.13
五,5.13
交通,5.13
利益,5.13
令,5.13
制作,5.13
加拿大,5.13
有点,5.13
压力,5.13
宪法,5.13
方向,5.13
破坏,5.13
电脑,5.13
突然,5.13
管,5.13
金融,5.13
规律,5.13
说话,5.13
部长,5.13
需,5.13
错,5.13
不错,5.12
不了,5.12
交流,5.12
中共,5.12
主任,5.12
举办,5.12
刚,5.12
作者,5.12
制造,5.12
医疗,5.12
版本,5.12
原则,5.12
同志,5.12
团体,5.12
委员,5.12
宗教,5.12
意识,5.12
正确,5.12
逐渐,5.12
看来,5.12
训练,5.12
远,5.12
附近,5.12
销售,5.12
联盟,5.11
不少,5.11
人数,5.11
儿童,5.11
允许,5.11
出版,5.11
嘛,5.11
回到,5.11
国务院,5.11
失败,5.11
快乐,5.11
战略,5.11
推动,5.11
教授,5.11
有效,5.11
王,5.11
程度,5.11
编辑,5.11
重,5.11
质量,5.11
资本,5.11
还要,5.11
面,5.11
阶段,5.11
广告,5.1
业务,5.1
今日,5.1
体系,5.1
倒,5.1
全面,5.1
协会,5.1
双方,5.1
困难,5.1
城,5.1
状况,5.1
态度,5.1
政权,5.1
数,5.1
数字,5.1
检查,5.1
武器,5.1
水平,5.1
设,5.1
申请,5.1
神,5.1
第二,5.1
购买,5.1
调整,5.1
身上,5.1
需求,5.1
首先,5.1
现实,5.09
几,5.09
危险,5.09
员,5.09
商业,5.09
团,5.09
大会,5.09
妇女,5.09
左右,5.09
广场,5.09
拒绝,5.09
既,5.09
权,5.09
求,5.09
治疗,5.09
速度,5.09
监督,5.09
网址,5.09
规划,5.09
面对,5.09
针对,5.09
国外,5.08
主题,5.08
事业,5.08
作家,5.08
入,5.08
再次,5.08
创作,5.08
及其,5.08
发行,5.08
召开,5.08
评论,5.08
多年,5.08
平均,5.08
广州,5.08
数量,5.08
文件,5.08
明天,5.08
群,5.08
部队,5.08
软件,5.08
通常,5.08
逼,5.08
镇,5.08
铁路,5.08
难道,5.08
放弃,5.07
不用,5.07
不管,5.07
乡,5.07
似乎,5.07
兄弟,5.07
公里,5.07
具体,5.07
办公室,5.07
呀,5.07
头,5.07
妻子,5.07
实在,5.07
年轻,5.07
开展,5.07
律师,5.07
战斗,5.07
角色,5.07
教,5.07
父母,5.07
现,5.07
称为,5.07
组,5.07
英语,5.07
获,5.07
重大,5.07
记得,5.07
越来越,5.07
过来,5.07
道路,5.06
于是,5.06
人权,5.06
促进,5.06
关心,5.06
其它,5.06
前往,5.06
医生,5.06
南,5.06
各国,5.06
各地,5.06
回家,5.06
奖,5.06
广泛,5.06
德,5.06
感谢,5.06
直到,5.06
相同,5.06
维护,5.06
论坛,5.06
有限公司,5.05
停止,5.05
先进,5.05
公共,5.05
共产党,5.05
危机,5.05
去年,5.05
取消,5.05
地位,5.05
基地,5.05
多数,5.05
定,5.05
寻找,5.05
工人,5.05
广东,5.05
影片,5.05
懂,5.05
成绩,5.05
批评,5.05
担任,5.05
按照,5.05
改善,5.05
效果,5.05
文学,5.05
更新,5.05
机,5.05
毕业,5.05
统计,5.05
脸,5.05
读,5.05
集,5.05
风险,5.05
下载,5.04
丰富,5.04
为何,5.04
朝鲜,5.04
位置,5.04
推出,5.04
或许,5.04
州,5.04
恢复,5.04
必要,5.04
常,5.04
回答,5.04
威胁,5.04
变得,5.04
假,5.04
设置,5.04
随着,5.04
胜利,5.04
值得,5.04
统治,5.04
电,5.04
有过,5.03
有时,5.03
项,5.03
改,5.03
普通,5.03
收入,5.03
本身,5.03
本来,5.03
特,5.03
是因为,5.03
活,5.03
面临,5.03
这位,5.03
贸易,5.03
规则,5.03
一家,5.03
换,5.03
伟大,5.03
团队,5.03
安排,5.03
主张,5.03
毛泽东,5.03
我要,5.03
怎么办,5.03
一部分,5.03
运用,5.02
往,5.02
成长,5.02
依据,5.02
一张,5.02
劳动,5.02
关键,5.02
发出,5.02
程序,5.02
离,5.02
相对,5.02
样子,5.02
漂亮,5.02
推荐,5.02
扩大,5.02
秘密,5.02
避免,5.02
听到,5.02
妈,5.02
合法,5.02
适合,5.02
链接,5.02
不够,5.01
不可,5.01
巨大,5.01
公园,5.01
公众,5.01
亚,5.01
传,5.01
坐,5.01
地球,5.01
分布,5.01
大型,5.01
下去,5.01
快速,5.01
习惯,5.01
书记,5.01
认真,5.01
见到,5.01
著名,5.01
身份,5.01
特色,5.01
民众,5.01
男子,5.01
背景,5.01
梦,5.01
旧,5.01
干部,5.01
通知,5.01
敌人,5.01
下午,5.01
体现,5.0
兴趣,5.0
指导,5.0
中学,5.0
专门,5.0
来到,5.0
对方,5.0
女子,5.0
喝,5.0
复杂,5.0
卡,5.0
打开,5.0
少数,5.0
明确,5.0
法院,5.0
结婚,5.0
缺乏,5.0
联合国,5.0
著,5.0
苹果,5.0
表演,5.0
计算,5.0
云,5.0
货币,5.0
赢,5.0
邀请,5.0
高兴,5.0
体,5.0
比如,5.0
理由,5.0
随,5.0
几天,5.0
互联网,5.0
犯罪,5.0
周,4.99
值,4.99
单,4.99
南京,4.99
很快,4.99
山,4.99
度,4.99
很大,4.99
我会,4.99
否则,4.99
基金,4.99
学者,4.99
体制,4.99
文,4.99
材料,4.99
鼓励,4.99
连续,4.99
进步,4.99
语,4.99
不得,4.99
类型,4.99
移民,4.99
特殊,4.99
电视台,4.99
热,4.99
满足,4.99
核心,4.99
遭,4.99
杂志,4.99
斯,4.99
传播,4.99
争取,4.99
今,4.98
从事,4.98
家里,4.98
手段,4.98
史,4.98
双,4.98
制定,4.98
北,4.98
刚刚,4.98
因素,4.98
员工,4.98
强烈,4.98
推进,4.98
措施,4.98
老板,4.98
人生,4.98
贡献,4.98
警方,4.98
访问,4.98
评价,4.98
那种,4.98
距离,4.98
财产,4.98
重视,4.98
食品,4.98
页,4.98
挑战,4.98
整体,4.98
纽约,4.98
文明,4.98
明,4.98
显然,4.98
概念,4.98
某,4.98
特点,4.98
皆,4.98
中华,4.98
看着,4.98
科,4.98
等等,4.98
美丽,4.98
优秀,4.98
久,4.98
老婆,4.98
英文,4.98
优势,4.97
不好,4.97
伤害,4.97
光,4.97
六,4.97
英雄,4.97
翻译,4.97
队伍,4.97
除,4.97
案,4.97
物质,4.97
移动,4.97
生物,4.97
出口,4.97
兼,4.97
最佳,4.97
师,4.97
感受,4.97
半,4.97
害怕,4.97
博士,4.97
对象,4.97
尽,4.97
村,4.97
投入,4.97
表达,4.97
设施,4.97
保障,4.97
加上,4.97
漫画,4.97
法规,4.97
化,4.96
高级,4.96
救,4.96
遇到,4.96
迅速,4.96
李,4.96
最新,4.96
男性,4.96
案件,4.96
自动,4.96
街,4.96
睡,4.96
福利,4.96
证据,4.96
路线,4.96
中文,4.96
身边,4.96
人人,4.96
包,4.96
尔,4.96
开心,4.96
更好,4.96
官,4.96
一件,4.95
海外,4.95
西班牙,4.95
言,4.95
词,4.95
至今,4.95
格,4.95
消费,4.95
眼睛,4.95
网友,4.95
当年,4.95
学会,4.95
块,4.95
课程,4.95
资格,4.95
超级,4.95
阿,4.95
难以,4.95
国民,4.95
商品,4.95
受伤,4.95
哪个,4.95
命令,4.95
红,4.95
国民党,4.95
大部分,4.95
主义,4.95
克,4.95
冲突,4.95
初,4.95
估计,4.95
人才,4.95
亿元,4.95
从而,4.95
文字,4.95
万元,4.95
一段,4.95
享受,4.95
驻,4.95
发挥,4.95
首次,4.95
卷,4.95
怕,4.95
境内,4.95
社会主义,4.94
爆发,4.94
留下,4.94
培训,4.94
紧张,4.94
运行,4.94
超,4.94
论,4.94
食物,4.94
风,4.94
面前,4.94
集中,4.94
陈,4.94
机制,4.94
如今,4.94
新加坡,4.94
提升,4.94
推广,4.94
打击,4.94
帝国,4.94
差,4.94
山东,4.94
产,4.94
修改,4.94
自身,4.94
纪念,4.94
第一个,4.94
竞争,4.94
机器,4.94
之中,4.94
查,4.93
极,4.93
机械,4.93
昨天,4.93
斗争,4.93
教学,4.93
收到,4.93
支付,4.93
接,4.93
掉,4.93
战,4.93
形象,4.93
贴,4.93
这件,4.93
非洲,4.93
维持,4.93
符合,4.93
粮食,4.93
份,4.93
观众,4.93
节,4.93
不足,4.93
名称,4.93
吸引,4.93
反映,4.93
处于,4.93
哥哥,4.93
画,4.93
用于,4.93
澳门,4.93
展开,4.93
娱乐,4.93
坏,4.93
不知,4.93
东京,4.93
实验,4.93
给予,4.93
打算,4.93
事务,4.93
家人,4.93
出去,4.93
东北,4.93
区别,4.93
充满,4.93
强大,4.92
武汉,4.92
比例,4.92
生态,4.92
同学,4.92
合,4.92
两年,4.92
发动,4.92
口,4.92
上面,4.92
团结,4.92
彻底,4.92
待,4.92
想到,4.92
批准,4.92
早上,4.92
枪,4.92
客户,4.92
量,4.92
降低,4.92
观察,4.92
小学,4.92
好好,4.92
天津,4.92
风格,4.92
实际上,4.92
非法,4.92
安,4.92
运输,4.92
规范,4.92
成本,4.91
描述,4.91
性质,4.91
怀疑,4.91
而已,4.91
考试,4.91
心里,4.91
想法,4.91
并非,4.91
完美,4.91
资产,4.91
听说,4.91
中华人民共和国,4.91
使得,4.91
出发,4.91
取,4.91
各位,4.91
各个,4.91
网上,4.91
私人,4.91
测试,4.91
注册,4.91
正是,4.91
方,4.91
操作,4.91
操,4.91
培养,4.91
天下,4.91
议员,4.91
消失,4.9
挂,4.9
投,4.9
领,4.9
表,4.9
情绪,4.9
衣服,4.9
领导人,4.9
骗,4.9
一旦,4.9
一项,4.9
完整,4.9
大约,4.9
升级,4.9
从来,4.9
游行,4.9
深圳,4.9
白,4.9
禁止,4.9
审查,4.9
就业,4.9
良好,4.9
确保,4.9
直播,4.9
下面,4.89
众多,4.89
东方,4.89
一步,4.89
建,4.89
心理,4.89
或是,4.89
毛,4.89
民间,4.89
注,4.89
清,4.89
爱情,4.89
特征,4.89
石油,4.89
立即,4.89
立法,4.89
自我,4.89
依然,4.89
倍,4.89
包含,4.89
卫生,4.89
国王,4.89
复,4.89
忘记,4.89
多么,4.89
太阳,4.89
实践,4.89
少女,4.89
工厂,4.89
公平,4.89
高度,4.89
道德,4.89
某些,4.89
构成,4.89
日子,4.89
接触,4.89
投票,4.89
装,4.89
放在,4.89
当局,4.88
普遍,4.88
收,4.88
毕竟,4.88
爸爸,4.88
监狱,4.88
用来,4.88
读者,4.88
费用,4.88
联邦,4.88
说法,4.88
违法,4.88
酒店,4.88
巴黎,4.88
引发,4.88
平等,4.88
严格,4.88
不敢,4.88
一边,4.88
层,4.88
大概,4.88
厂,4.88
力,4.88
审判,4.88
少年,4.88
小姐,4.88
三年,4.88
几年,4.88
尊重,4.88
推,4.87
拍摄,4.87
有个,4.87
正义,4.87
深,4.87
关闭,4.87
势力,4.87
冠军,4.87
出席,4.87
判断,4.87
导演,4.87
品牌,4.87
后面,4.87
小组,4.87
广播,4.87
年度,4.87
就要,4.87
忙,4.87
转移,4.87
追,4.87
预算,4.87
片,4.87
疯狂,4.87
病,4.87
趋势,4.87
足够,4.87
代理,4.87
全世界,4.87
共有,4.87
飞,4.87
故,4.87
损失,4.86
一份,4.86
时刻,4.86
痛苦,4.86
的确,4.86
本人,4.86
任何人,4.86
动作,4.86
作出,4.86
做出,4.86
分类,4.86
四个,4.86
嗯,4.86
协助,4.86
城镇,4.86
家族,4.86
姐姐,4.86
多个,4.86
就算,4.86
脚,4.86
市长,4.86
乱,4.86
一部,4.86
确认,4.86
短,4.86
一句,4.86
立场,4.86
班,4.86
海,4.86
梦想,4.86
标志,4.86
来看,4.86
重庆,4.86
频道,4.86
预测,4.86
抗议,4.86
进口,4.86
网页,4.86
往往,4.86
阻止,4.85
龙,4.85
地震,4.85
名单,4.85
展示,4.85
像是,4.85
交,4.85
刚才,4.85
够,4.85
信号,4.85
之外,4.85
主动,4.85
挺,4.85
当中,4.85
年龄,4.85
左,4.85
岛,4.85
贷款,4.85
记,4.85
遭到,4.85
江苏,4.85
森林,4.85
接近,4.85
涉及,4.85
罗,4.85
秒,4.85
演员,4.85
补充,4.85
成就,4.85
应当,4.85
微信,4.85
演出,4.84
牛,4.84
哭,4.84
古代,4.84
冲,4.84
他人,4.84
人大,4.84
争议,4.84
供,4.84
命运,4.84
临时,4.84
上帝,4.84
上述,4.84
地图,4.84
地点,4.84
澳洲,4.84
照顾,4.84
新疆,4.84
幸福,4.84
广大,4.84
敢,4.84
实力,4.84
始终,4.84
多次,4.84
小孩,4.84
声明,4.84
西部,4.84
试图,4.84
角度,4.84
百度,4.84
竟然,4.84
因而,4.84
股份,4.84
采访,4.84
随后,4.84
颜色,4.84
跳,4.84
馆,4.84
适应,4.83
适当,4.83
中间,4.83
体验,4.83
不行,4.83
交换,4.83
丈夫,4.83
播放,4.83
思考,4.83
恐怖,4.83
授权,4.83
忘,4.83
局,4.83
巴西,4.83
店,4.83
天天,4.83
大多数,4.83
基于,4.83
实,4.83
啥,4.83
爆炸,4.83
球,4.83
第三,4.83
等待,4.83
组合,4.83
经典,4.83
绿色,4.83
至于,4.83
计算机,4.83
议会,4.83
调,4.83
财富,4.83
越南,4.83
做到,4.83
别的,4.83
参考,4.83
有趣,4.83
武装,4.83
照,4.83
座,4.82
居住,4.82
尝试,4.82
对待,4.82
方便,4.82
既然,4.82
楼,4.82
泰国,4.82
率,4.82
病毒,4.82
篇,4.82
报纸,4.82
指挥,4.82
房子,4.82
首都,4.82
黑人,4.82
南部,4.82
动力,4.82
儿,4.82
事实上,4.82
象,4.82
赚,4.82
连结,4.82
通,4.82
配合,4.82
一只,4.82
一群,4.82
义,4.82
视,4.82
咱们,4.82
周年,4.82
即将,4.82
当前,4.81
没什么,4.81
意外,4.81
承诺,4.81
究竟,4.81
疾病,4.81
定义,4.81
讲话,4.81
七,4.81
肉,4.81
红色,4.81
答案,4.81
鱼,4.81
天气,4.81
完善,4.81
人民币,4.81
互相,4.81
背后,4.81
自杀,4.81
能源,4.81
出生,4.81
公路,4.81
高中,4.81
家长,4.81
建造,4.81
声,4.81
司法,4.81
十年,4.81
领袖,4.81
进去,4.81
轮,4.81
马上,4.81
详细,4.81
西藏,4.81
感情,4.81
污染,4.81
上市,4.81
中国共产党,4.81
之下,4.81
俱乐部,4.81
会员,4.81
令人,4.81
暴力,4.8
所有人,4.8
生存,4.8
物,4.8
知,4.8
原本,4.8
地址,4.8
期待,4.8
下降,4.8
不久,4.8
增强,4.8
大学生,4.8
可怕,4.8
及时,4.8
合理,4.8
抢,4.8
掌握,4.8
收集,4.8
决议,4.8
东部,4.8
两种,4.8
意,4.8
成果,4.8
尚未,4.8
室,4.8
妹妹,4.8
股,4.8
费,4.8
罪,4.8
留,4.8
要是,4.8
工资,4.8
弄,4.8
府,4.8
如下,4.8
女生,4.8
赢得,4.8
乡村,4.8
信仰,4.8
先后,4.8
马来西亚,4.8
看法,4.79
科学家,4.79
突破,4.79
数学,4.79
替,4.79
有着,4.79
条例,4.79
情,4.79
总结,4.79
成熟,4.79
政党,4.79
为主,4.79
分子,4.79
发射,4.79
可爱,4.79
办理,4.79
动态,4.79
走向,4.79
达成,4.79
大小,4.79
集体,4.79
逻辑,4.79
顺利,4.79
林,4.79
植物,4.79
深入,4.79
现代化,4.79
电力,4.79
简称,4.79
简直,4.79
讨厌,4.79
英,4.79
航空,4.79
地理,4.79
外交,4.79
布,4.79
证券,4.79
请求,4.79
财政,4.79
启动,4.79
在线,4.79
麻烦,4.79
骂,4.79
进来,4.79
将军,4.79
婚姻,4.79
追求,4.79
这一,4.79
边,4.78
违反,4.78
转变,4.78
一座,4.78
业,4.78
人家,4.78
伦敦,4.78
乐,4.78
云南,4.78
大众,4.78
平,4.78
沟通,4.78
歌,4.78
暂时,4.78
提醒,4.78
愿,4.78
意大利,4.78
释放,4.78
党员,4.78
鬼,4.78
预计,4.78
具备,4.78
司机,4.78
厉害,4.78
厅,4.78
菲律宾,4.78
船,4.78
策略,4.78
猜,4.78
特定,4.78
多久,4.78
咨询,4.78
周围,4.78
刺激,4.77
全体,4.77
幸运,4.77
市民,4.77
差异,4.77
奇怪,4.77
大多,4.77
哲学,4.77
哪些,4.77
协调,4.77
感,4.77
承担,4.77
收购,4.77
一半,4.77
一致,4.77
丢,4.77
九,4.77
传说,4.77
美女,4.77
签署,4.77
看起来,4.77
治理,4.77
每次,4.77
星期,4.77
日常,4.77
收费,4.77
国会,4.77
四川,4.77
士兵,4.77
猪,4.77
消费者,4.77
理想,4.77
适用,4.77
酒,4.77
落实,4.77
血,4.77
装备,4.77
解放,4.77
警告,4.77
退出,4.77
明星,4.76
法庭,4.76
当选,4.76
年底,4.76
命,4.76
想起,4.76
心中,4.76
日报,4.76
亿美元,4.76
以外,4.76
化学,4.76
博物馆,4.76
占领,4.76
发起,4.76
同一,4.76
全民,4.76
到处,4.76
前进,4.76
藏,4.76
表明,4.76
作战,4.76
俄国,4.76
保险,4.76
随时,4.76
韩,4.76
提到,4.76
皇帝,4.76
相互,4.76
相应,4.76
破,4.76
票,4.76
立刻,4.76
结论,4.76
色,4.76
试验,4.76
摄影,4.76
输,4.76
记忆,4.76
房,4.76
事物,4.75
基,4.75
大规模,4.75
坐在,4.75
反而,4.75
分为,4.75
具,4.75
伊朗,4.75
事故,4.75
主持,4.75
一生,4.75
牺牲,4.75
热情,4.75
满,4.75
空气,4.75
睡觉,4.75
街道,4.75
袭击,4.75
轻,4.75
更是,4.75
本地,4.75
气,4.75
浙江,4.75
海军,4.75
年轻人,4.75
总部,4.75
改造,4.75
连接,4.75
首,4.75
股东,4.75
编,4.75
职务,4.75
希腊,4.75
安装,4.75
将会,4.75
这场,4.74
车辆,4.74
阶级,4.74
高速,4.74
固定,4.74
黑暗,4.74
垃圾,4.74
圈,4.74
十,4.74
公主,4.74
仅仅,4.74
两位,4.74
一系列,4.74
一片,4.74
卫星,4.74
器,4.74
常常,4.74
归,4.74
怪,4.74
抱,4.74
旅行,4.74
好看,4.74
学术,4.74
对外,4.74
校长,4.74
有所,4.74
晚,4.74
欧盟,4.74
档案,4.74
满意,4.74
环保,4.74
矛盾,4.74
种种,4.74
紧急,4.74
美好,4.74
草,4.74
谈判,4.74
河,4.74
此次,4.74
款,4.74
充分,4.73
供应,4.73
信任,4.73
优惠,4.73
呼吁,4.73
吨,4.73
发明,4.73
剩下,4.73
八,4.73
海洋,4.73
真相,4.73
登记,4.73
奴隶,4.73
患者,4.73
回应,4.73
大师,4.73
棒,4.73
校园,4.73
朝,4.73
搜索,4.73
接着,4.73
探索,4.73
指数,4.73
执政,4.73
房间,4.73
乌克兰,4.73
每日,4.73
法官,4.73
两人,4.73
今晚,4.73
亲,4.73
休息,4.73
黄金,4.73
飞行,4.73
选手,4.73
身,4.73
课,4.73
话题,4.73
试,4.73
能量,4.73
而言,4.73
对话,4.73
夫人,4.73
猫,4.73
独特,4.73
情报,4.73
腿,4.72
药,4.72
荷兰,4.72
自从,4.72
苏,4.72
好处,4.72
不该,4.72
上升,4.72
前面,4.72
吃饭,4.72
可见,4.72
各自,4.72
地铁,4.72
回去,4.72
呈现,4.72
姑娘,4.72
必然,4.72
年间,4.72
纷纷,4.72
纪录,4.72
知名,4.72
电台,4.72
爱国,4.72
灵魂,4.72
澳大利亚,4.72
流行,4.72
河南,4.72
装置,4.72
观看,4.72
证实,4.72
谈话,4.72
资讯,4.72
题,4.72
预期,4.72
运作,4.72
进攻,4.72
群体,4.72
股票,4.72
五年,4.72
倾向,4.72
公,4.72
分配,4.72
利润,4.72
戴,4.72
透过,4.72
那时,4.72
想象,4.72
托,4.72
路上,4.72
辖,4.72
有限,4.72
手术,4.72
虽,4.71
诗,4.71
负责人,4.71
老人,4.71
表面,4.71
铁,4.71
成都,4.71
逮捕,4.71
慢慢,4.71
小心,4.71
将来,4.71
射,4.71
鸟,4.71
陪,4.71
不必,4.71
可惜,4.71
印象,4.71
加速,4.71
其他人,4.71
保留,4.71
坚决,4.71
产量,4.71
不满,4.71
圣,4.71
哈,4.71
户,4.71
排名,4.71
欲,4.71
流,4.71
本质,4.71
条约,4.71
看过,4.71
游客,4.71
约翰,4.71
秘书,4.71
罗马,4.71
一级,4.71
一面,4.71
不如,4.71
彼此,4.7
形势,4.7
弟弟,4.7
建成,4.7
巴,4.7
等级,4.7
同事,4.7
舞台,4.7
利,4.7
到达,4.7
华,4.7
厕所,4.7
发达,4.7
古,4.7
手中,4.7
房屋,4.7
交给,4.7
代,4.7
停,4.7
仪式,4.7
兴奋,4.7
日期,4.7
万人,4.7
族,4.7
共和国,4.7
犯,4.7
现有,4.7
生长,4.7
皮肤,4.7
立,4.7
领土,4.7
饭,4.7
星,4.7
是从,4.7
智慧,4.7
欣赏,4.7
此时,4.7
治,4.7
重建,4.7
负,4.7
象征,4.7
评估,4.7
黑色,4.7
鸡,4.7
著作,4.7
观念,4.7
消灭,4.7
湖南,4.7
熟悉,4.7
伤,4.69
上来,4.69
不得不,4.69
依,4.69
你好,4.69
很少,4.69
得以,4.69
主人,4.69
嘴,4.69
失望,4.69
女士,4.69
学科,4.69
平衡,4.69
腐败,4.69
记载,4.69
须,4.69
视为,4.69
认证,4.69
通讯,4.69
质,4.69
受害者,4.69
医学,4.69
创建,4.69
决策,4.69
做好,4.69
候选人,4.69
信心,4.69
经理,4.69
等于,4.69
祖国,4.69
相比,4.69
目,4.69
混乱,4.69
浪费,4.69
气候,4.69
欧,4.69
模型,4.69
早就,4.69
旁边,4.69
撤销,4.69
推特,4.69
思维,4.69
心情,4.69
造,4.69
防止,4.69
吓,4.69
唱,4.69
贫困,4.68
轻松,4.68
金额,4.68
途径,4.68
超越,4.68
两次,4.68
不论,4.68
一个月,4.68
一路,4.68
一块,4.68
上午,4.68
上传,4.68
必,4.68
强化,4.68
庆祝,4.68
常见,4.68
封,4.68
寻求,4.68
大大,4.68
墨西哥,4.68
塔,4.68
各项,4.68
只会,4.68
原始,4.68
单独,4.68
准,4.68
冲击,4.68
保存,4.68
计,4.68
营,4.68
自行,4.68
老公,4.68
细节,4.68
素质,4.68
研发,4.68
直,4.68
激烈,4.68
湖北,4.68
歌曲,4.68
最低,4.68
显得,4.68
教堂,4.68
打电话,4.68
战士,4.68
骗子,4.68
可怜,4.67
经费,4.67
职,4.67
自治区,4.67
艺术家,4.67
获取,4.67
简介,4.67
算是,4.67
毫无,4.67
根,4.67
批判,4.67
当天,4.67
当初,4.67
广西,4.67
宽,4.67
实验室,4.67
宇宙,4.67
相反,4.67
头发,4.67
回忆,4.67
章,4.67
男女,4.67
礼物,4.67
相似,4.67
赚钱,4.67
叫做,4.67
凭,4.67
观,4.67
诗人,4.67
理,4.67
火车,4.67
港,4.67
准确,4.67
再也,4.67
俄,4.67
什么样,4.67
作业,4.67
专,4.67
不但,4.67
一颗,4.67
两天,4.67
一带,4.67
品质,4.67
含,4.67
赛,4.67
起诉,4.67
载,4.67
退休,4.67
餐厅,4.67
宝,4.66
北部,4.66
后果,4.66
听见,4.66
咖啡,4.66
图书馆,4.66
墙,4.66
外部,4.66
合适,4.66
循环,4.66
强制,4.66
年前,4.66
屁股,4.66
尽快,4.66
对手,4.66
树,4.66
深刻,4.66
炸弹,4.66
生于,4.66
生日,4.66
男孩,4.66
神秘,4.66
为止,4.66
主管,4.66
享有,4.66
人为,4.66
借,4.66
典型,4.66
养,4.66
加油,4.66
子女,4.66
障碍,4.66
怀孕,4.66
微,4.66
早已,4.66
第四,4.66
辆,4.66
见面,4.66
运营,4.66
金属,4.66
杯,4.66
随便,4.66
绝,4.66
对不起,4.66
搭,4.66
整理,4.66
拿到,4.66
感染,4.66
杀人,4.66
界,4.65
社,4.65
突出,4.65
答应,4.65
继承,4.65
职工,4.65
聪明,4.65
脱离,4.65
五月,4.65
运,4.65
转型,4.65
院长,4.65
遗憾,4.65
该国,4.65
药物,4.65
舆论,4.65
企图,4.65
干净,4.65
恐惧,4.65
急,4.65
待遇,4.65
打破,4.65
对抗,4.65
技能,4.65
地下,4.65
大道,4.65
天安门,4.65
套,4.65
密码,4.65
对付,4.65
部落,4.65
对此,4.65
尼,4.65
援助,4.65
瞭解,4.65
留在,4.65
火,4.65
河北,4.65
歌手,4.65
某个,4.65
教会,4.65
到来,4.65
吹,4.65
周末,4.65
修,4.65
围绕,4.65
以色列,4.65
情形,4.65
剑,4.64
一周,4.64
监管,4.64
生气,4.64
球队,4.64
波,4.64
新型,4.64
支,4.64
拯救,4.64
在家,4.64
合同,4.64
代码,4.64
之类,4.64
做法,4.64
写作,4.64
划分,4.64
列,4.64
一套,4.64
房地产,4.64
大使,4.64
多种,4.64
大楼,4.64
奥,4.64
居然,4.64
工会,4.64
高校,4.64
贵,4.64
许可,4.64
自治,4.64
细胞,4.64
纳,4.64
签订,4.64
穆斯林,4.64
离婚,4.64
扩展,4.64
所在,4.64
愤怒,4.64
意味着,4.64
微软,4.64
异常,4.64
帮忙,4.64
带领,4.64
驾驶,4.64
零,4.64
院,4.64
阳光,4.64
部署,4.64
道歉,4.64
输入,4.64
呈,4.64
名为,4.64
色彩,4.64
号码,4.64
压,4.64
华人,4.64
动画,4.64
加工,4.64
和谐,4.63
叙利亚,4.63
博客,4.63
南方,4.63
升,4.63
初期,4.63
紧,4.63
种族,4.63
福建,4.63
监控,4.63
电视剧,4.63
球员,4.63
现金,4.63
例,4.63
余,4.63
教训,4.63
改进,4.63
提前,4.63
接下来,4.63
指标,4.63
懂得,4.63
慢,4.63
联,4.63
质疑,4.63
跨,4.63
进展,4.63
重复,4.63
基督教,4.63
夏天,4.63
置,4.63
文献,4.63
架,4.63
绿,4.63
从未,4.63
主体,4.63
个性,4.63
性格,4.63
内地,4.63
保,4.63
依法,4.63
冷,4.63
伙伴,4.63
出售,4.63
分离,4.63
创业,4.63
地上,4.63
天堂,4.63
失业,4.63
奥运,4.63
局长,4.63
市区,4.63
库,4.63
顾问,4.63
不见,4.63
人体,4.63
军人,4.62
判决,4.62
全都,4.62
内阁,4.62
味道,4.62
名义,4.62
回归,4.62
土耳其,4.62
哇,4.62
哥,4.62
地面,4.62
人性,4.62
人群,4.62
互动,4.62
世,4.62
书籍,4.62
与其,4.62
人工,4.62
加以,4.62
发言,4.62
有权,4.62
例子,4.62
支援,4.62
不让,4.62
所说,4.62
杭州,4.62
无限,4.62
效应,4.62
改为,4.62
有时候,4.62
洗,4.62
深度,4.62
温度,4.62
演,4.62
王国,4.62
空,4.62
取代,4.62
合并,4.62
致,4.62
舞蹈,4.62
茶,4.62
菜,4.62
被捕,4.62
被迫,4.62
赴,4.62
大战,4.62
大批,4.62
奋斗,4.62
尚,4.62
废除,4.62
戏,4.62
维,4.62
端,4.62
边界,4.62
摧毁,4.62
拜,4.62
极端,4.62
钟,4.62
配置,4.62
邪恶,4.62
道理,4.62
进程,4.62
陆续,4.61
难过,4.61
近期,4.61
逃,4.61
郡,4.61
天空,4.61
天使,4.61
外交部,4.61
转化,4.61
埃及,4.61
句,4.61
只不过,4.61
场所,4.61
桥,4.61
检测,4.61
板,4.61
反抗,4.61
参,4.61
缅甸,4.61
服装,4.61
言论,4.61
覆盖,4.61
解,4.61
顾客,4.61
形,4.61
扩张,4.61
报导,4.61
抵达,4.61
最初,4.61
聊天,4.61
论文,4.61
蓝,4.61
考,4.61
街头,4.61
荣誉,4.61
预防,4.61
两岸,4.61
上班,4.61
结,4.61
码,4.61
种子,4.61
波兰,4.61
法案,4.61
义务,4.61
物理,4.61
公正,4.61
却是,4.61
刘,4.61
千万,4.61
伊,4.61
内心,4.61
刀,4.61
广,4.61
引,4.61
导弹,4.61
差不多,4.61
工程师,4.61
引用,4.61
引导,4.61
商店,4.6
代价,4.6
税,4.6
落后,4.6
种植,4.6
亲自,4.6
不幸,4.6
术,4.6
想着,4.6
引进,4.6
戏剧,4.6
付出,4.6
主权,4.6
否认,4.6
外面,4.6
反正,4.6
加快,4.6
冒险,4.6
早期,4.6
摆,4.6
损害,4.6
所属,4.6
最早,4.6
失踪,4.6
通信,4.6
逐步,4.6
选民,4.6
输出,4.6
读书,4.6
西安,4.6
全市,4.6
俩,4.6
优先,4.6
易,4.6
邓小平,4.6
床上,4.6
已有,4.6
对比,4.6
客观,4.6
遭遇,4.6
成人,4.6
理念,4.6
镇压,4.6
玩家,4.6
江西,4.6
某种,4.6
极为,4.6
长大,4.6
降,4.6
白色,4.6
建国,4.6
陕西,4.6
忽视,4.59
性别,4.59
宣言,4.59
奖励,4.59
夫,4.59
婴儿,4.59
五个,4.59
今后,4.59
传递,4.59
似的,4.59
仔细,4.59
宝宝,4.59
众,4.59
国防,4.59
惩罚,4.59
右,4.59
删除,4.59
再说,4.59
再度,4.59
查看,4.59
指定,4.59
战役,4.59
搬,4.59
剧,4.59
曝光,4.59
月份,4.59
机器人,4.59
公告,4.59
杨,4.59
权益,4.59
一把,4.59
万美元,4.59
上涨,4.59
乘客,4.59
日前,4.59
岛屿,4.59
较为,4.59
轨道,4.59
负担,4.59
认定,4.59
药品,4.59
股权,4.59
四年,4.59
商人,4.59
品种,4.59
吻,4.59
页面,4.59
都市,4.59
陷入,4.59
很难,4.59
币,4.59
还会,4.59
方针,4.59
电信,4.59
正面,4.59
演讲,4.59
活跃,4.59
毁,4.59
画面,4.59
疯,4.59
硬,4.59
盖,4.59
除非,4.58
迫害,4.58
饿,4.58
执法,4.58
教练,4.58
摆脱,4.58
持,4.58
创,4.58
入侵,4.58
公寓,4.58
天然,4.58
奇,4.58
无关,4.58
整合,4.58
分裂,4.58
躺,4.58
近日,4.58
尸体,4.58
工艺,4.58
干嘛,4.58
平民,4.58
并未,4.58
幻想,4.58
总之,4.58
恐怕,4.58
想想,4.58
步,4.58
专题,4.58
不然,4.58
住宅,4.58
争,4.58
世界杯,4.58
转向,4.58
边境,4.58
封锁,4.58
何,4.58
解除,4.58
认同,4.58
谋杀,4.58
民,4.58
莫斯科,4.58
背,4.58
纳入,4.58
答,4.58
研究所,4.58
病人,4.58
物资,4.58
没错,4.58
华盛顿,4.57
平时,4.57
床,4.57
开车,4.57
强迫,4.57
形态,4.57
得知,4.57
好多,4.57
客,4.57
此后,4.57
证,4.57
性能,4.57
总会,4.57
外汇,4.57
在内,4.57
商,4.57
吸收,4.57
没想到,4.57
尽量,4.57
便宜,4.57
依赖,4.57
竞选,4.57
种类,4.57
祝,4.57
布局,4.57
屠杀,4.57
排,4.57
抗日,4.57
据说,4.57
总裁,4.57
恨,4.57
认可,4.57
烟,4.57
焦点,4.57
活着,4.57
流动,4.57
测量,4.57
激动,4.57
曰,4.57
杀害,4.57
效率,4.57
摸,4.57
举,4.57
两名,4.57
不停,4.57
试试,4.57
透露,4.57
主流,4.57
显,4.57
无数,4.57
决,4.57
勇气,4.57
环,4.57
配,4.57
精彩,4.57
联络,4.57
眼前,4.57
皇家,4.57
顶,4.57
青岛,4.57
诞生,4.57
心灵,4.57
兴建,4.57
其余,4.57
文物,4.57
伊拉克,4.57
一同,4.57
气氛,4.56
本书,4.56
消除,4.56
放心,4.56
竞赛,4.56
登陆,4.56
秘书长,4.56
鲁,4.56
转换,4.56
遗址,4.56
事项,4.56
主持人,4.56
创立,4.56
协定,4.56
遭受,4.56
难民,4.56
哪儿,4.56
场景,4.56
大人,4.56
大幅,4.56
宝贝,4.56
实体,4.56
害,4.56
总体,4.56
情感,4.56
舒服,4.56
赶,4.56
赶紧,4.56
分开,4.56
列为,4.56
印尼,4.56
司,4.56
农场,4.56
拖,4.56
指控,4.56
无人,4.56
提名,4.56
无疑,4.56
一人,4.56
线路,4.56
断,4.56
洛杉矶,4.56
美军,4.56
赵,4.55
魔,4.55
辞职,4.55
贵族,4.55
货,4.55
谴责,4.55
还好,4.55
这部,4.55
资助,4.55
赶快,4.55
共享,4.55
口号,4.55
可靠,4.55
侵犯,4.55
前来,4.55
依靠,4.55
从此,4.55
巴基斯坦,4.55
当代,4.55
居,4.55
微博,4.55
性感,4.55
一批,4.55
上去,4.55
东南亚,4.55
个别,4.55
主办,4.55
争论,4.55
基本上,4.55
基层,4.55
坦克,4.55
国有,4.55
回国,4.55
各类,4.55
叶,4.55
谱,4.55
谢,4.55
十大,4.55
北方,4.55
诉讼,4.55
蓝色,4.55
蒙古,4.55
夜,4.55
太平洋,4.55
自主,4.55
脱,4.55
纯,4.55
空中,4.55
社交,4.55
检验,4.55
标题,4.55
最为,4.55
截至,4.55
录,4.55
当作,4.55
骄傲,4.55
那天,4.55
遵守,4.55
说道,4.55
说出,4.55
喜爱,4.54
勇敢,4.54
北京市,4.54
单纯,4.54
篮球,4.54
网路,4.54
职责,4.54
多元,4.54
大选,4.54
女友,4.54
好事,4.54
指示,4.54
推翻,4.54
提议,4.54
一会,4.54
下次,4.54
专用,4.54
另一方面,4.54
周期,4.54
村民,4.54
本文,4.54
动员,4.54
内战,4.54
假设,4.54
依照,4.54
优质,4.54
他妈的,4.54
投诉,4.54
撞,4.54
昨晚,4.54
样,4.54
滚,4.54
歧视,4.54
混合,4.54
清理,4.54
碰,4.54
百万,4.54
现任,4.54
秩序,4.54
融资,4.54
表情,4.54
设计师,4.54
询问,4.54
小型,4.54
层面,4.54
山西,4.54
差别,4.54
延长,4.54
悲剧,4.54
愚蠢,4.54
技巧,4.54
谷,4.54
财务,4.54
购物,4.54
退,4.54
采购,4.54
额,4.54
骑,4.54
高层,4.54
两者,4.53
主角,4.53
亲爱,4.53
物品,4.53
松,4.53
镜头,4.53
翻,4.53
莫,4.53
积累,4.53
盘,4.53
牌,4.53
营业,4.53
银,4.53
有机,4.53
敏感,4.53
油,4.53
揭露,4.53
抽,4.53
青少年,4.53
批,4.53
门口,4.53
宫,4.53
工,4.53
岛上,4.53
一支,4.53
特性,4.53
犹太人,4.53
百姓,4.53
便是,4.53
偷,4.53
傻,4.53
公务员,4.53
念,4.53
影响力,4.53
当今,4.53
工作人员,4.53
那边,4.53
返回,4.53
边缘,4.53
女神,4.53
喊,4.53
周边,4.53
呆,4.53
同性恋,4.53
变革,4.53
变态,4.53
原理,4.53
前后,4.53
组建,4.53
线上,4.53
营销,4.53
记住,4.53
购,4.53
赋予,4.53
赞,4.53
足,4.53
依旧,4.52
价,4.52
全新,4.52
假如,4.52
优化,4.52
然,4.52
火箭,4.52
没事,4.52
汉语,4.52
此事,4.52
案例,4.52
极大,4.52
以往,4.52
买卖,4.52
之所以,4.52
举报,4.52
一辆,4.52
一篇,4.52
一方,4.52
一会儿,4.52
一代,4.52
开启,4.52
底,4.52
局势,4.52
家中,4.52
学位,4.52
女王,4.52
塞,4.52
兽,4.52
公斤,4.52
前提,4.52
决心,4.52
决赛,4.52
刷,4.52
半岛,4.52
千,4.52
即可,4.52
绑架,4.52
玻璃,4.52
理性,4.52
瑞典,4.52
祈祷,4.52
粉丝,4.52
第二次,4.52
时尚,4.52
日益,4.52
旅客,4.52
施工,4.52
文艺,4.52
支撑,4.52
插,4.52
愿望,4.52
微笑,4.52
逾,4.52
送给,4.52
这份,4.52
近年来,4.52
西北,4.52
落,4.52
草案,4.52
地狱,4.52
发动机,4.52
遗产,4.52
金钱,4.52
长沙,4.52
队长,4.52
饭店,4.52
顿,4.52
苏州,4.52
编制,4.52
这项,4.51
如同,4.51
账号,4.51
资,4.51
资本主义,4.51
跟着,4.51
运动员,4.51
这儿,4.51
本国,4.51
杀死,4.51
若干,4.51
融合,4.51
能否,4.51
职位,4.51
竟,4.51
穿着,4.51
行使,4.51
打败,4.51
抓住,4.51
投资者,4.51
探讨,4.51
播出,4.51
故意,4.51
旗下,4.51
好友,4.51
南非,4.51
主导,4.51
会见,4.51
任期,4.51
创办,4.51
入口,4.51
代替,4.51
恶心,4.51
怎,4.51
年纪,4.51
展览,4.51
局面,4.51
定位,4.51
成分,4.51
一大,4.51
一间,4.51
中部,4.51
条款,4.51
模拟,4.51
模特,4.51
江泽民,4.51
沉默,4.51
源,4.51
短期,4.51
危害,4.51
去世,4.51
可能性,4.51
大事,4.51
大臣,4.51
夫妇,4.51
夫妻,4.51
邻居,4.51
阿拉伯,4.51
首页,4.51
黄色,4.51
请问,4.51
讲述,4.51
大连,4.5
新人,4.5
爷爷,4.5
累,4.5
管制,4.5
石头,4.5
百科,4.5
太空,4.5
审议,4.5
灾难,4.5
心态,4.5
庞大,4.5
展现,4.5
密切,4.5
家属,4.5
诺,4.5
认,4.5
定期,4.5
讯,4.5
现状,4.5
累计,4.5
日至,4.5
权威,4.5
毫米,4.5
流量,4.5
参观,4.5
大赛,4.5
协商,4.5
付,4.5
伦理,4.5
佛教,4.5
同步,4.5
志,4.5
总额,4.5
战场,4.5
我爱你,4.5
我家,4.5
恩,4.5
承受,4.5
一对,4.5
一本,4.5
上网,4.5
个体,4.5
乃,4.5
生意,4.5
痛,4.5
白人,4.5
货物,4.5
隐藏,4.5
料,4.5
绝不,4.5
美食,4.5
耶稣,4.5
脑袋,4.5
脸上,4.5
行政区划,4.5
被告,4.5
计画,4.5
奖金,4.49
劳动力,4.49
一辈子,4.49
三天,4.49
精,4.49
繁荣,4.49
纸,4.49
绑,4.49
美术,4.49
腾讯,4.49
般,4.49
大桥,4.49
外国人,4.49
声称,4.49
坑,4.49
建筑物,4.49
打造,4.49
护士,4.49
授予,4.49
日记,4.49
时报,4.49
智能,4.49
上级,4.49
严肃,4.49
元素,4.49
关联,4.49
几次,4.49
出门,4.49
制裁,4.49
加州,4.49
大胆,4.49
过度,4.49
这边,4.49
阿里,4.49
雨,4.49
游泳,4.49
湖,4.49
核,4.49
装饰,4.49
诗歌,4.49
设有,4.49
留言,4.49
暂停,4.49
目录,4.49
骑士,4.49
香,4.49
题材,4.49
望,4.49
安徽,4.49
延续,4.49
延伸,4.49
年初,4.49
女朋友,4.49
好吃,4.49
回顾,4.49
领先,4.49
靠近,4.49
台北,4.49
花园,4.49
蛋,4.49
研究生,4.49
瞧,4.49
可用,4.49
品,4.49
学员,4.48
百,4.48
地产,4.48
垄断,4.48
男朋友,4.48
玩具,4.48
环节,4.48
田,4.48
爬,4.48
初步,4.48
创意,4.48
狼,4.48
出于,4.48
习近平,4.48
接到,4.48
其次,4.48
惊人,4.48
感动,4.48
扮演,4.48
事儿,4.48
排除,4.48
手里,4.48
抵制,4.48
尊严,4.48
期望,4.48
岗位,4.48
情节,4.48
西南,4.48
辽宁,4.48
这点,4.48
防,4.48
风暴,4.48
一方面,4.48
友好,4.48
历,4.48
剥夺,4.48
发言人,4.48
回报,4.48
含有,4.48
之内,4.48
响,4.48
时光,4.48
伊斯兰,4.48
京,4.48
住房,4.48
正当,4.48
海上,4.48
没法,4.48
继,4.48
婚礼,4.48
温暖,4.48
季,4.48
基因,4.48
石,4.48
皮,4.48
签,4.48
经济学,4.48
笔,4.48
果然,4.48
正如,4.48
桥梁,4.48
节日,4.48
考核,4.48
考察,4.48
富有,4.47
自称,4.47
外界,4.47
大声,4.47
维修,4.47
糖,4.47
糟糕,4.47
结局,4.47
福,4.47
包装,4.47
办事,4.47
策划,4.47
列车,4.47
何时,4.47
正好,4.47
函数,4.47
愉快,4.47
手法,4.47
收益,4.47
全身,4.47
欧元,4.47
指责,4.47
更为,4.47
上学,4.47
任职,4.47
叙述,4.47
参数,4.47
单一,4.47
医药,4.47
友谊,4.47
号召,4.47
后期,4.47
账户,4.47
诸多,4.47
设定,4.47
男生,4.47
热爱,4.47
渐渐,4.47
透明,4.47
选出,4.47
车站,4.47
贯彻,4.47
客人,4.47
妳,4.47
奥运会,4.47
许,4.47
舔,4.47
神经,4.47
直升机,4.47
监,4.47
疫情,4.47
凌晨,4.47
再见,4.47
兵,4.47
流通,4.47
残酷,4.47
高等,4.47
饮食,4.47
颁布,4.47
青,4.47
通报,4.47
形容,4.47
巴士,4.47
对立,4.47
初中,4.46
刑事,4.46
河流,4.46
水果,4.46
民国,4.46
晚安,4.46
旁,4.46
摄,4.46
搜,4.46
人均,4.46
中东,4.46
丧失,4.46
丝,4.46
世上,4.46
专辑,4.46
不准,4.46
姓名,4.46
大奖,4.46
轻易,4.46
踢,4.46
调节,4.46
要么,4.46
舞,4.46
胜,4.46
管辖,4.46
只好,4.46
发放,4.46
匿名,4.46
包围,4.46
助理,4.46
动机,4.46
动手,4.46
湾,4.46
洞,4.46
高速公路,4.46
黑龙江,4.46
推行,4.46
青春,4.46
面向,4.46
总数,4.46
弹,4.46
度过,4.46
抗战,4.46
带动,4.46
较大,4.46
辅助,4.46
差距,4.46
甚,4.46
眼,4.46
秀,4.46
略,4.46
示威,4.46
神话,4.46
迫使,4.46
烧,4.46
过于,4.46
集会,4.46
阻碍,4.46
链,4.46
远离,4.46
进而,4.46
一道,4.46
丁,4.46
下令,4.46
三国,4.46
地质,4.46
土,4.46
命名,4.46
后者,4.46
各界,4.46
共识,4.46
公安,4.46
保守,4.46
传媒,4.46
传奇,4.46
任命,4.46
以便,4.46
大厅,4.46
备,4.46
原料,4.45
发布会,4.45
吉,4.45
大力,4.45
咬,4.45
呼吸,4.45
古老,4.45
三星,4.45
应付,4.45
应对,4.45
开设,4.45
强奸,4.45
控股,4.45
信用,4.45
上下,4.45
人会,4.45
凡,4.45
出身,4.45
划,4.45
勒,4.45
印,4.45
压迫,4.45
汉,4.45
法治,4.45
注重,4.45
渴望,4.45
演变,4.45
生成,4.45
症状,4.45
太太,4.45
央视,4.45
干扰,4.45
债务,4.45
干涉,4.45
册,4.45
普及,4.45
躲,4.45
起义,4.45
政协,4.45
辐射,4.45
补,4.45
营养,4.45
带有,4.45
山区,4.45
实质,4.45
姓,4.45
贵州,4.45
视觉,4.45
笑话,4.45
频率,4.45
马克,4.45
确,4.45
聚集,4.45
检察院,4.45
毒品,4.45
每周,4.45
替代,4.45
色情,4.45
绝望,4.45
职能,4.45
练,4.45
通道,4.45
好奇,4.45
奶奶,4.45
奇迹,4.45
码头,4.45
登,4.45
果,4.45
欲望,4.45
过渡,4.45
通用,4.45
暴露,4.45
之上,4.44
交往,4.44
优,4.44
切,4.44
当成,4.44
兰,4.44
人民政府,4.44
修正,4.44
中国政府,4.44
一度,4.44
为此,4.44
丹麦,4.44
提交,4.44
敌,4.44
死刑,4.44
旅馆,4.44
渠道,4.44
匈牙利,4.44
毁灭,4.44
毒,4.44
半年,4.44
屋,4.44
对应,4.44
委托,4.44
开幕,4.44
崩溃,4.44
射击,4.44
恶,4.44
萨,4.44
艾,4.44
心脏,4.44
补偿,4.44
罪犯,4.44
练习,4.44
大门,4.44
坚强,4.44
图像,4.44
商务,4.44
艰难,4.44
聚会,4.44
要说,4.44
角,4.44
惊讶,4.44
愈,4.44
意志,4.44
把握,4.44
抛弃,4.44
拿出,4.44
控,4.44
随意,4.44
露出,4.44
食,4.44
首相,4.44
游,4.44
炸,4.44
即便,4.44
厨房,4.44
同年,4.44
说服,4.44
证书,4.44
部份,4.44
长江,4.44
起点,4.44
走出,4.44
看待,4.44
笔者,4.44
热烈,4.44
状,4.44
等到,4.44
简,4.44
烂,4.44
阴谋,4.44
农,4.43
美的,4.43
拟,4.43
放下,4.43
新华社,4.43
新鲜,4.43
旗帜,4.43
时机,4.43
有利,4.43
一款,4.43
三次,4.43
乐团,4.43
产值,4.43
坚定,4.43
堂,4.43
处罚,4.43
一体,4.43
一日,4.43
一时,4.43
偶像,4.43
谈论,4.43
赌,4.43
虎,4.43
身分,4.43
论述,4.43
画家,4.43
队员,4.43
招生,4.43
招,4.43
抵抗,4.43
迎接,4.43
狮子,4.43
片段,4.43
南北,4.43
剩,4.43
低于,4.43
签名,4.43
罢了,4.43
老实,4.43
胡,4.43
董事,4.43
大街,4.43
称呼,4.43
空军,4.43
小镇,4.43
往来,4.43
扎,4.43
高潮,4.43
每月,4.43
有用,4.43
史上,4.43
熟,4.43
港口,4.43
浪漫,4.43
民主党,4.43
周恩来,4.43
合成,4.43
回头,4.43
存,4.43
封闭,4.43
郑州,4.43
送到,4.43
这张,4.43
尿,4.42
姐妹,4.42
大哥,4.42
夏,4.42
士,4.42
自愿,4.42
联赛,4.42
罢工,4.42
缓慢,4.42
符号,4.42
稳,4.42
化工,4.42
供给,4.42
人力,4.42
伤心,4.42
体内,4.42
报名,4.42
投降,4.42
惊喜,4.42
产物,4.42
临,4.42
极其,4.42
有力,4.42
无聊,4.42
各级,4.42
国内外,4.42
厦门,4.42
发电,4.42
喂,4.42
喔,4.42
征,4.42
常务,4.42
确立,4.42
疫苗,4.42
留学,4.42
风景,4.42
错过,4.42
走进,4.42
饮料,4.42
影像,4.42
开通,4.42
平安,4.42
译,4.42
补助,4.42
蛇,4.42
虚拟,4.42
葡萄牙,4.42
苦,4.42
神奇,4.42
剧情,4.42
六月,4.42
偶尔,4.42
燃料,4.42
清晰,4.42
混,4.42
死者,4.42
欧美,4.42
构造,4.42
魅力,4.42
中午,4.42
不良,4.42
中期,4.42
不许,4.42
与此同时,4.42
击败,4.41
众人,4.41
伊斯兰教,4.41
价值观,4.41
人间,4.41
之际,4.41
东南,4.41
截图,4.41
忽略,4.41
当事人,4.41
干预,4.41
干什么,4.41
就让,4.41
小区,4.41
失,4.41
埃,4.41
场合,4.41
园,4.41
四大,4.41
哈尔滨,4.41
淘汰,4.41
海南,4.41
济南,4.41
流传,4.41
沿海,4.41
没关系,4.41
永久,4.41
出台,4.41
内蒙古,4.41
养殖,4.41
月底,4.41
无辜,4.41
整,4.41
放松,4.41
收藏,4.41
所得,4.41
科研,4.41
硕士,4.41
砸,4.41
真理,4.41
看出,4.41
相当于,4.41
皇后,4.41
封建,4.41
寄,4.41
官方网站,4.41
由此,4.41
瑞士,4.41
王子,4.41
激发,4.41
潜力,4.41
添加,4.41
面包,4.41
音,4.41
钢铁,4.41
档,4.41
集合,4.41
防御,4.41
本次,4.41
服务器,4.41
赔偿,4.41
身为,4.41
百年,4.41
终止,4.41
解放军,4.41
花费,4.41
美洲,4.41
疼,4.41
甲,4.41
软,4.41
采,4.41
辛苦,4.41
不算,4.41
名叫,4.41
专利,4.41
东亚,4.41
制服,4.41
同情,4.41
不明,4.41
万岁,4.41
吐,4.41
向前,4.41
告知,4.41
仪器,4.4
善,4.4
别说,4.4
古典,4.4
圣经,4.4
从前,4.4
战胜,4.4
引擎,4.4
强度,4.4
影,4.4
异,4.4
层次,4.4
尽力,4.4
尴尬,4.4
导师,4.4
家乡,4.4
减,4.4
修复,4.4
侵略,4.4
手指,4.4
扔,4.4
二人,4.4
多人,4.4
合格,4.4
子弹,4.4
大脑,4.4
予以,4.4
力度,4.4
占据,4.4
印刷,4.4
有意,4.4
服从,4.4
本土,4.4
殖民,4.4
母,4.4
气象,4.4
江,4.4
安静,4.4
春天,4.4
接收,4.4
教育部,4.4
擅长,4.4
描写,4.4
甘肃,4.4
爆,4.4
灯,4.4
没用,4.4
沙,4.4
抱怨,4.4
统,4.4
约定,4.4
素,4.4
称号,4.4
眼泪,4.4
直至,4.4
监视,4.4
常委,4.4
巩固,4.4
展,4.4
显著,4.4
晒,4.4
暨,4.4
辩论,4.4
这时,4.4
遇见,4.4
配备,4.4
酒吧,4.4
醒,4.4
阿根廷,4.4
汤,4.4
电池,4.4
般的,4.4
自信,4.4
耶,4.4
罕见,4.4
生效,4.4
高清,4.4
频繁,4.4
预定,4.4
网易,4.4
编号,4.4
男友,4.4
颁发,4.4
震惊,4.4
雷,4.4
隔,4.4
院校,4.4
限,4.4
车上,4.4
街上,4.4
蔬菜,4.4
发育,4.39
上次,4.39
一遍,4.39
一声,4.39
反击,4.39
瓦,4.39
独自,4.39
神圣,4.39
破产,4.39
相机,4.39
癌症,4.39
甚么,4.39
寺,4.39
开枪,4.39
开玩笑,4.39
总书记,4.39
总人口,4.39
称之为,4.39
移,4.39
家伙,4.39
缺少,4.39
恶化,4.39
网民,4.39
董事会,4.39
节奏,4.39
自觉,4.39
考验,4.39
罪行,4.39
树立,4.39
公式,4.39
六个,4.39
冒,4.39
军方,4.39
谎言,4.39
赌场,4.39
格式,4.39
沈阳,4.39
沙漠,4.39
涨,4.39
激励,4.39
热带,4.39
热门,4.39
阶层,4.39
颇,4.39
麦,4.39
程,4.39
纯粹,4.39
级别,4.39
紧密,4.39
签证,4.39
第二天,4.39
稍,4.39
锁,4.39
这家,4.39
辩护,4.39
造型,4.39
违背,4.39
闹,4.39
赞成,4.39
截止,4.39
剧本,4.39
农产品,4.39
功夫,4.39
新兴,4.39
数据库,4.39
合约,4.39
占有,4.39
吸,4.39
仓库,4.39
从不,4.39
任意,4.39
不愿,4.39
官网,4.39
学历,4.39
姿势,4.39
增,4.39
手上,4.39
教材,4.39
无论如何,4.39
杰出,4.39
新浪,4.39
随即,4.38
顺序,4.38
近代,4.38
陆军,4.38
邦,4.38
公约,4.38
一段时间,4.38
不仅仅,4.38
党委,4.38
三月,4.38
人大代表,4.38
有意思,4.38
无效,4.38
假装,4.38
保卫,4.38
使命,4.38
体会,4.38
会长,4.38
企业家,4.38
以此,4.38
报复,4.38
抗,4.38
我能,4.38
慈善,4.38
惹,4.38
恋爱,4.38
开会,4.38
审核,4.38
守,4.38
助,4.38
前者,4.38
原创,4.38
发送,4.38
同一个,4.38
同胞,4.38
军官,4.38
主演,4.38
不在乎,4.38
有钱,4.38
检察,4.38
末,4.38
标,4.38
标签,4.38
浏览,4.38
没收,4.38
新生,4.38
斗,4.38
救援,4.38
擦,4.38
提起,4.38
挖,4.38
招聘,4.38
过分,4.38
跟踪,4.38
赛季,4.38
语音,4.38
行政区,4.38
群岛,4.38
罚款,4.38
第二个,4.38
穿越,4.38
姆,4.38
头脑,4.38
大厦,4.38
外资,4.38
城乡,4.38
土壤,4.38
名人,4.38
汉族,4.38
欺骗,4.38
王朝,4.38
疑问,4.38
物流,4.38
灾害,4.38
潜在,4.38
优点,4.37
促使,4.37
会谈,4.37
克服,4.37
不变,4.37
中断,4.37
乐观,4.37
乔治,4.37
亲戚,4.37
南海,4.37
医师,4.37
剥削,4.37
列入,4.37
凶手,4.37
不利,4.37
一根,4.37
境外,4.37
回收,4.37
四月,4.37
唐,4.37
响应,4.37
后悔,4.37
古巴,4.37
口味,4.37
双手,4.37
扩散,4.37
所在地,4.37
弱,4.37
常用,4.37
希,4.37
全省,4.37
全年,4.37
持有,4.37
岭,4.37
工作者,4.37
属性,4.37
娶,4.37
季节,4.37
孤独,4.37
富,4.37
屋顶,4.37
舰,4.37
识,4.37
评,4.37
裔,4.37
瞬间,4.37
天安门广场,4.37
外围,4.37
眼中,4.37
版权,4.37
爽,4.37
煮,4.37
海岸,4.37
泡,4.37
治安,4.37
气体,4.37
毕业生,4.37
殖民地,4.37
欠,4.37
柬埔寨,4.37
木,4.37
明年,4.37
无比,4.37
政,4.37
齐,4.37
进化,4.37
闻,4.37
间谍,4.37
邻近,4.37
足以,4.37
身份证,4.37
超市,4.37
贼,4.37
示范,4.37
冷静,4.36
俺,4.36
修订,4.36
二战,4.36
兴起,4.36
一台,4.36
地带,4.36
喝酒,4.36
哎,4.36
告,4.36
变动,4.36
厂商,4.36
区分,4.36
前线,4.36
分手,4.36
无力,4.36
提示,4.36
排列,4.36
拓展,4.36
护照,4.36
乐队,4.36
一线,4.36
日语,4.36
总经理,4.36
恭喜,4.36
录音,4.36
好玩,4.36
实用,4.36
小女孩,4.36
州长,4.36
废,4.36
绘画,4.36
终身,4.36
纺织,4.36
类别,4.36
看不到,4.36
天地,4.36
大致,4.36
现行,4.36
现今,4.36
独,4.36
激情,4.36
清洁,4.36
海滩,4.36
派出,4.36
波动,4.36
法令,4.36
汇率,4.36
欢乐,4.36
未能,4.36
最长,4.36
曲,4.36
暗,4.36
早晨,4.36
补贴,4.36
血液,4.36
虐待,4.36
董事长,4.36
舰队,4.36
航班,4.36
自行车,4.36
肌肉,4.36
老百姓,4.36
财经,4.36
负面,4.36
谨慎,4.36
课题,4.36
诊断,4.36
盗,4.36
监察,4.36
难题,4.36
难度,4.36
附,4.36
邮件,4.36
迁,4.36
跟随,4.36
距,4.36
贾,4.36
贫穷,4.36
议题,4.36
识别,4.36
骗局,4.36
跳舞,4.35
荣耀,4.35
西亚,4.35
获奖,4.35
讽刺,4.35
反复,4.35
办公,4.35
刺,4.35
减轻,4.35
六年,4.35
光明,4.35
先锋,4.35
否定,4.35
做爱,4.35
假期,4.35
介入,4.35
他会,4.35
之声,4.35
业绩,4.35
一行,4.35
当日,4.35
引入,4.35
开除,4.35
平方千米,4.35
席,4.35
小时候,4.35
尊敬,4.35
寂寞,4.35
宣告,4.35
始,4.35
好人,4.35
天主教,4.35
在乎,4.35
国产,4.35
唉,4.35
味,4.35
步骤,4.35
村庄,4.35
服,4.35
更换,4.35
更大,4.35
摄影师,4.35
指南,4.35
披露,4.35
报警,4.35
折磨,4.35
抗争,4.35
手续,4.35
战术,4.35
成年,4.35
征服,4.35
录像,4.35
脑子,4.35
胸,4.35
职权,4.35
缺点,4.35
税收,4.35
科学院,4.35
祭,4.35
研制,4.35
砍,4.35
眼镜,4.35
独裁,4.35
特权,4.35
特区,4.35
燃烧,4.35
海拔,4.35
派遣,4.35
高峰,4.35
验证,4.35
首席,4.35
雪,4.35
陆,4.35
阿富汗,4.35
钢琴,4.35
配套,4.35
选票,4.35
会计,4.34
从中,4.34
什,4.34
意图,4.34
也就是说,4.34
悲伤,4.34
总督,4.34
平静,4.34
影视,4.34
形状,4.34
开辟,4.34
声援,4.34
处置,4.34
公元,4.34
梁,4.34
模仿,4.34
此刻,4.34
此前,4.34
法语,4.34
活力,4.34
流域,4.34
图书,4.34
在意,4.34
玫瑰,4.34
流程,4.34
支出,4.34
隔离,4.34
收获,4.34
新增,4.34
新娘,4.34
查询,4.34
随机,4.34
穿过,4.34
入境,4.34
保罗,4.34
例外,4.34
伪,4.34
撰写,4.34
携带,4.34
描绘,4.34
扯,4.34
请愿,4.34
见解,4.34
蒋介石,4.34
莱,4.34
缺,4.34
红军,4.34
第五,4.34
带走,4.34
希特勒,4.34
封面,4.34
宣称,4.34
宗旨,4.34
番,4.34
用途,4.34
乘,4.34
司令,4.34
十八,4.34
十五,4.34
势,4.34
不顾,4.34
出色,4.34
公车,4.34
面试,4.34
加盟,4.34
碰到,4.34
短片,4.34
盐,4.34
穷,4.34
过后,4.34
遥远,4.34
额外,4.34
粉,4.33
精力,4.33
续,4.33
艘,4.33
露,4.33
驱逐,4.33
驱动,4.33
骚扰,4.33
魔法,4.33
肯,4.33
专制,4.33
人格,4.33
二级,4.33
伤亡,4.33
人选,4.33
信念,4.33
停留,4.33
发声,4.33
失误,4.33
大气,4.33
大地,4.33
国土,4.33
台风,4.33
头上,4.33
书写,4.33
严厉,4.33
保安,4.33
挡,4.33
挑,4.33
散,4.33
伴随,4.33
孙,4.33
字母,4.33
目光,4.33
登上,4.33
率领,4.33
率先,4.33
热点,4.33
效力,4.33
情人,4.33
抢劫,4.33
恶劣,4.33
不怕,4.33
一处,4.33
三级,4.33
对面,4.33
审,4.33
春,4.33
普,4.33
免,4.33
八年,4.33
八月,4.33
公益,4.33
凤凰,4.33
清醒,4.33
火车站,4.33
施行,4.33
锻炼,4.33
新建,4.33
软体,4.33
资本家,4.33
认知,4.33
这座,4.33
窝,4.33
籍,4.33
尺寸,4.33
市委,4.33
帝,4.33
忍不住,4.33
志愿,4.33
营运,4.33
解读,4.33
构建,4.33
模糊,4.33
框架,4.33
研究员,4.33
汇,4.33
祝福,4.33
每当,4.33
国旗,4.32
吴,4.32
储存,4.32
信用卡,4.32
从小,4.32
代表团,4.32
休闲,4.32
传达,4.32
周刊,4.32
困境,4.32
唱歌,4.32
哈哈,4.32
九月,4.32
半个,4.32
利率,4.32
清单,4.32
海峡,4.32
洛,4.32
同性,4.32
变更,4.32
意愿,4.32
全力,4.32
兴,4.32
兼职,4.32
内涵,4.32
弟子,4.32
师傅,4.32
帐,4.32
不安,4.32
专注,4.32
履行,4.32
崇拜,4.32
市政府,4.32
一组,4.32
七月,4.32
国籍,4.32
高考,4.32
追踪,4.32
近年,4.32
阿姨,4.32
那儿,4.32
起飞,4.32
复制,4.32
奥地利,4.32
完毕,4.32
客气,4.32
考生,4.32
耐心,4.32
股市,4.32
要素,4.32
观测,4.32
规格,4.32
死去,4.32
法制,4.32
改编,4.32
数目,4.32
提案,4.32
鉴定,4.32
高手,4.32
厘米,4.32
灵活,4.32
温柔,4.32
申报,4.32
地域,4.32
在场,4.32
圆,4.32
图案,4.32
盈利,4.32
诱惑,4.32
所有权,4.32
抱歉,4.32
拼,4.32
指令,4.32
培育,4.32
相处,4.32
美国政府,4.32
罪名,4.32
管道,4.32
穷人,4.32
窗口,4.32
短暂,4.32
相继,4.32
监测,4.32
拥抱,4.31
遵循,4.31
重组,4.31
遇,4.31
逝世,4.31
身亡,4.31
这句,4.31
迟,4.31
教室,4.31
炒,4.31
爱尔兰,4.31
父,4.31
牛奶,4.31
器官,4.31
国营,4.31
境,4.31
大队,4.31
天才,4.31
范,4.31
脑,4.31
野生,4.31
间接,4.31
拍照,4.31
下列,4.31
中医,4.31
纪录片,4.31
生产力,4.31
约束,4.31
上诉,4.31
万吨,4.31
一口,4.31
肚子,4.31
球迷,4.31
习,4.31
参赛,4.31
卫,4.31
印度尼西亚,4.31
协同,4.31
刚好,4.31
乡镇,4.31
单身,4.31
后续,4.31
一分钟,4.31
媳妇,4.31
嫁,4.31
实习,4.31
宿舍,4.31
密,4.31
崛起,4.31
平常,4.31
事先,4.31
体重,4.31
偷偷,4.31
养老,4.31
内外,4.31
冬天,4.31
出国,4.31
出版社,4.31
分成,4.31
新年,4.31
暗示,4.31
未经,4.31
柏林,4.31
歌词,4.31
武力,4.31
氛围,4.31
含义,4.31
和尚,4.31
哼,4.31
噢,4.31
蛋糕,4.31
观光,4.31
詹姆斯,4.31
谣言,4.31
踩,4.31
广东省,4.31
当下,4.31
影音,4.31
很棒,4.31
快点,4.31
抑制,4.31
外来,4.3
为期,4.3
严,4.3
不易,4.3
一点点,4.3
一号,4.3
一刻,4.3
原有,4.3
天然气,4.3
好评,4.3
老头,4.3
拿来,4.3
搜狐,4.3
撑,4.3
参议员,4.3
反思,4.3
听取,4.3
哟,4.3
商场,4.3
困扰,4.3
国语,4.3
城堡,4.3
朱,4.3
架构,4.3
标语,4.3
校,4.3
鞋,4.3
水泥,4.3
涉嫌,4.3
深化,4.3
尼亚,4.3
工作室,4.3
市中心,4.3
帐号,4.3
幕后,4.3
幼儿园,4.3
开口,4.3
思路,4.3
精英,4.3
纠纷,4.3
约会,4.3
终结,4.3
职员,4.3
脆弱,4.3
苏维埃,4.3
撒,4.3
收回,4.3
整天,4.3
整顿,4.3
无论是,4.3
春节,4.3
有名,4.3
本科,4.3
贪污,4.3
这才,4.3
途中,4.3
野蛮,4.3
骚,4.3
高于,4.3
漫长,4.3
熊,4.3
狂,4.3
玉米,4.3
理事,4.3
直辖市,4.3
筹备,4.3
精确,4.3
委,4.3
佛,4.3
冬季,4.3
营造,4.3
藉,4.3
行程,4.3
裁决,4.3
见证,4.3
订,4.3
诸,4.3
财,4.3
拆除,4.3
娘,4.3
存款,4.3
安置,4.3
将领,4.3
主编,4.3
亚马逊,4.3
亨利,4.3
亩,4.3
人心,4.3
优良,4.3
伤口,4.3
主力,4.3
次数,4.3
创始人,4.3
判处,4.3
劝,4.3
劲,4.3
十九,4.3
卡尔,4.3
性命,4.3
想像,4.3
折,4.3
护,4.3
加大,4.29
劳工,4.29
单元,4.29
省级,4.29
差点,4.29
庙,4.29
彼得,4.29
三种,4.29
专项,4.29
举动,4.29
也好,4.29
人文,4.29
人气,4.29
传输,4.29
作风,4.29
故障,4.29
新西兰,4.29
昆明,4.29
最强,4.29
蒙,4.29
极度,4.29
标记,4.29
正规,4.29
城区,4.29
基督徒,4.29
基金会,4.29
复兴,4.29
夏季,4.29
女孩子,4.29
字幕,4.29
孙子,4.29
特有,4.29
生涯,4.29
生理,4.29
省份,4.29
社团,4.29
稍微,4.29
捡,4.29
空调,4.29
打倒,4.29
拍卖,4.29
提及,4.29
接待,4.29
提取,4.29
操纵,4.29
颗,4.29
政变,4.29
考古,4.29
耳朵,4.29
自动化,4.29
艺人,4.29
裤子,4.29
觉,4.29
清洗,4.29
谈到,4.29
残忍,4.29
消耗,4.29
火灾,4.29
清除,4.29
灭亡,4.29
烦恼,4.29
纳粹,4.29
牙,4.29
缓解,4.29
绕,4.29
简化,4.29
终,4.29
算了,4.29
鸡巴,4.29
轰炸,4.29
赞同,4.29
遂,4.29
运转,4.29
金沙,4.29
闭,4.29
老虎,4.29
老大,4.29
反动,4.29
川,4.29
一首,4.29
出卖,4.29
杀手,4.29
君,4.29
含量,4.29
咋,4.29
局部,4.29
宠物,4.29
安娜,4.29
宁愿,4.29
不太,4.28
习俗,4.28
一一,4.28
上周,4.28
吾,4.28
原谅,4.28
实时,4.28
审批,4.28
上线,4.28
上课,4.28
尾,4.28
中方,4.28
剂,4.28
临床,4.28
博,4.28
洪水,4.28
冲动,4.28
共产主义,4.28
制造业,4.28
分歧,4.28
便利,4.28
似,4.28
价钱,4.28
亲人,4.28
亮,4.28
交谈,4.28
弹性,4.28
开头,4.28
平方公里,4.28
联想,4.28
小子,4.28
审理,4.28
偏,4.28
停车,4.28
无线,4.28
日军,4.28
完整版,4.28
纠正,4.28
缺陷,4.28
美味,4.28
景点,4.28
机遇,4.28
滥用,4.28
演唱会,4.28
犹太,4.28
域名,4.28
多名,4.28
大都,4.28
奥斯卡,4.28
妥协,4.28
存储,4.28
宁,4.28
改名,4.28
搭配,4.28
搜集,4.28
提倡,4.28
担忧,4.28
战斗机,4.28
总面积,4.28
态,4.28
舒适,4.28
致命,4.28
臭,4.28
联合会,4.28
郭,4.28
零售,4.28
顶级,4.28
顺,4.28
说完,4.28
访谈,4.28
融入,4.28
苏丹,4.28
索,4.28
粮,4.28
礼拜,4.28
眼光,4.28
真心,4.28
真人,4.28
白天,4.28
珍贵,4.28
转载,4.28
透,4.28
通往,4.28
那位,4.28
连任,4.27
运气,4.27
身材,4.27
起源,4.27
走上,4.27
议,4.27
虚假,4.27
首歌,4.27
遇上,4.27
牧师,4.27
爱心,4.27
爱上,4.27
炮,4.27
火山,4.27
源于,4.27
涵盖,4.27
海关,4.27
首位,4.27
领取,4.27
预言,4.27
四处,4.27
善于,4.27
启用,4.27
启发,4.27
前景,4.27
出自,4.27
出租车,4.27
挣扎,4.27
挑选,4.27
拜托,4.27
找出,4.27
想念,4.27
储备,4.27
仿佛,4.27
从来不,4.27
争夺,4.27
乐趣,4.27
中共中央,4.27
专栏,4.27
上演,4.27
夜晚,4.27
外贸,4.27
墓,4.27
比利时,4.27
武士,4.27
此处,4.27
榜,4.27
梅,4.27
名誉,4.27
吉林,4.27
变迁,4.27
发掘,4.27
十月,4.27
北美,4.27
助手,4.27
办学,4.27
撸,4.27
提问,4.27
排放,4.27
笔记,4.27
禁,4.27
社长,4.27
眼里,4.27
病例,4.27
开门,4.27
开工,4.27
左派,4.27
娃娃,4.27
好不好,4.27
夸张,4.27
头部,4.27
大使馆,4.27
汇报,4.27
水中,4.27
气温,4.27
隐私,4.27
冰,4.27
关税,4.27
共和,4.27
党内,4.27
万一,4.27
一架,4.27
一夜,4.27
型号,4.27
净,4.27
一共,4.27
险,4.27
阐述,4.27
某人,4.27
曼,4.27
暖,4.27
普查,4.27
春秋,4.27
日起,4.27
旅,4.27
施,4.27
编写,4.27
线索,4.27
精灵,4.27
试点,4.27
钱包,4.26
重量,4.26
重要性,4.26
部位,4.26
东海,4.26
远远,4.26
过滤,4.26
纪律,4.26
简历,4.26
积分,4.26
登场,4.26
电梯,4.26
物体,4.26
鸡蛋,4.26
预备,4.26
雾,4.26
阴影,4.26
防治,4.26
期限,4.26
月亮,4.26
暗杀,4.26
昨日,4.26
交友,4.26
五大,4.26
乔,4.26
乌,4.26
中华民国,4.26
星期一,4.26
方言,4.26
赛事,4.26
贝尔,4.26
解散,4.26
薄,4.26
蔡,4.26
范畴,4.26
脖子,4.26
缩短,4.26
编剧,4.26
绝大多数,4.26
平原,4.26
帐户,4.26
密度,4.26
室内,4.26
一层,4.26
一向,4.26
妓女,4.26
好莱坞,4.26
大国,4.26
境界,4.26
围,4.26
受欢迎,4.26
千年,4.26
十二,4.26
前期,4.26
初级,4.26
健全,4.26
侮辱,4.26
使用者,4.26
作物,4.26
光绪,4.26
先前,4.26
效益,4.26
支持者,4.26
掩盖,4.26
排队,4.26
感兴趣,4.26
情侣,4.26
征收,4.26
弥补,4.26
座位,4.26
庆典,4.26
世人,4.26
不止,4.26
不当,4.26
下跌,4.26
宁波,4.26
娜,4.26
牙齿,4.26
爹,4.26
爱好,4.26
灭,4.26
演唱,4.26
深夜,4.26
海域,4.26
森,4.26
格局,4.26
极限,4.26
切实,4.26
分散,4.26
几位,4.26
公交,4.26
上台,4.25
分支,4.25
分解,4.25
借口,4.25
光荣,4.25
列宁,4.25
前途,4.25
加剧,4.25
伸出,4.25
一流,4.25
修建,4.25
会上,4.25
丑闻,4.25
一眼,4.25
不肯,4.25
规矩,4.25
苦难,4.25
花钱,4.25
航线,4.25
聊,4.25
细,4.25
福州,4.25
确切,4.25
研究院,4.25
瞄准,4.25
开创,4.25
庇护,4.25
幅,4.25
带到,4.25
屏幕,4.25
宝贵,4.25
演奏,4.25
渔业,4.25
清晨,4.25
深深,4.25
测,4.25
法定,4.25
江南,4.25
检察官,4.25
未必,4.25
有助于,4.25
受不了,4.25
叔叔,4.25
双重,4.25
参议院,4.25
卡拉,4.25
务,4.25
推文,4.25
控告,4.25
挤,4.25
承,4.25
扣,4.25
打死,4.25
恶魔,4.25
总监,4.25
强行,4.25
开采,4.25
亚历山大,4.25
二十,4.25
主场,4.25
丹,4.25
中华民族,4.25
世界各地,4.25
契约,4.25
夹,4.25
太子,4.25
处境,4.25
困,4.25
嗨,4.25
啤酒,4.25
哥伦比亚,4.25
同行,4.25
可笑,4.25
转让,4.25
违规,4.25
醉,4.25
长春,4.25
阳,4.25
隐瞒,4.25
难得,4.25
题目,4.25
鲜明,4.25
潮,4.25
潮流,4.25
物价,4.25
甜,4.25
猜测,4.25
痕迹,4.25
试着,4.25
视野,4.25
诸如,4.25
车子,4.25
贝,4.25
词汇,4.25
无知,4.25
景区,4.25
曲线,4.25
政治家,4.25
收拾,4.25
撤离,4.25
销量,4.24
钻石,4.24
故乡,4.24
教导,4.24
钻,4.24
朝廷,4.24
有害,4.24
最小,4.24
是非,4.24
时常,4.24
大于,4.24
多家,4.24
埋,4.24
坏人,4.24
枚,4.24
金牌,4.24
酸,4.24
遗传,4.24
选拔,4.24
选区,4.24
致使,4.24
迷你,4.24
顺便,4.24
飞行员,4.24
误解,4.24
说不定,4.24
谋,4.24
跪,4.24
隶属,4.24
雅,4.24
这块,4.24
长城,4.24
长官,4.24
渗透,4.24
点击,4.24
烤,4.24
焦虑,4.24
老子,4.24
竞争力,4.24
租,4.24
秘鲁,4.24
白宫,4.24
志愿者,4.24
德州,4.24
彩,4.24
应有,4.24
平面,4.24
帽子,4.24
消,4.24
洲,4.24
注入,4.24
模样,4.24
现存,4.24
症,4.24
艺,4.24
荣获,4.24
觉醒,4.24
讲座,4.24
一番,4.24
亏,4.24
亏损,4.24
列表,4.24
信贷,4.24
侦探,4.24
佳,4.24
余额,4.24
人事,4.24
北大,4.24
十三,4.24
天赋,4.24
学到,4.24
守护,4.24
导向,4.24
小孩子,4.24
尤,4.24
尽可能,4.24
工商,4.24
带给,4.24
常规,4.24
一贯,4.24
一阵,4.24
七个,4.24
不成,4.24
中介,4.24
乐园,4.24
忠诚,4.24
总共,4.24
恶意,4.24
我刚,4.24
扭曲,4.24
抹,4.24
拆,4.24
拿下,4.24
捐款,4.24
撤,4.24
卡车,4.24
告别,4.24
料理,4.24
旋转,4.24
无需,4.24
既有,4.24
业余,4.23
主意,4.23
乃至,4.23
亲密,4.23
仇恨,4.23
不及,4.23
中山,4.23
下滑,4.23
召集,4.23
同期,4.23
下属,4.23
不像,4.23
同盟,4.23
凭借,4.23
凡是,4.23
兹,4.23
共同体,4.23
全文,4.23
倡导,4.23
底下,4.23
广阔,4.23
幽默,4.23
帅哥,4.23
巧克力,4.23
三大,4.23
一股,4.23
善良,4.23
周日,4.23
签约,4.23
大卫,4.23
夺取,4.23
好消息,4.23
富裕,4.23
尺度,4.23
血腥,4.23
言语,4.23
设想,4.23
评审,4.23
诈骗,4.23
成交,4.23
掠夺,4.23
推测,4.23
无奈,4.23
无意,4.23
星期六,4.23
出名,4.23
刊登,4.23
动漫,4.23
原先,4.23
又称,4.23
棉花,4.23
止,4.23
沿,4.23
烦,4.23
犯人,4.23
喷,4.23
嘴里,4.23
回复,4.23
场地,4.23
场面,4.23
外观,4.23
趁,4.23
积,4.23
碳,4.23
知识分子,4.23
瓶,4.23
环球,4.23
高温,4.23
骗人,4.23
马克思,4.23
面貌,4.23
陌生,4.23
来临,4.23
机密,4.23
服饰,4.23
有利于,4.23
最快,4.23
结算,4.23
起码,4.23
起床,4.23
走过,4.23
资深,4.23
诚信,4.23
缩小,4.23
蛮,4.23
跨越,4.23
署,4.23
罪恶,4.23
闻名,4.23
进球,4.23
迁移,4.23
选项,4.23
祖先,4.22
钥匙,4.22
瞎,4.22
眼神,4.22
电影院,4.22
煤炭,4.22
煤,4.22
高效,4.22
首尔,4.22
食用,4.22
雷达,4.22
附属,4.22
比起,4.22
村落,4.22
明明,4.22
无人机,4.22
救助,4.22
钢,4.22
长度,4.22
锡,4.22
鲁迅,4.22
防范,4.22
迹象,4.22
逃避,4.22
郊区,4.22
起初,4.22
辉煌,4.22
调研,4.22
草原,4.22
肥,4.22
致力于,4.22
粗,4.22
经济学家,4.22
军区,4.22
几分钟,4.22
关怀,4.22
出租,4.22
刑罚,4.22
人民法院,4.22
中原,4.22
二月,4.22
嫁给,4.22
孔子,4.22
一个个,4.22
一员,4.22
一顿,4.22
失控,4.22
媒介,4.22
姿态,4.22
同比,4.22
压缩,4.22
午餐,4.22
北约,4.22
制约,4.22
列出,4.22
拥护,4.22
找个,4.22
成效,4.22
惨,4.22
性爱,4.22
公顷,4.22
公元前,4.22
偶然,4.22
保健,4.22
传送,4.22
宗,4.22
宋,4.22
安慰,4.22
学费,4.22
学说,4.22
孤立,4.22
湿,4.22
海湾,4.22
济,4.22
沉,4.22
汉字,4.22
夜间,4.22
基督,4.22
四周,4.22
喜剧,4.22
君主,4.22
改称,4.22
支配,4.22
操控,4.22
搞笑,4.22
挪威,4.22
挖掘,4.22
评为,4.22
访,4.22
规,4.22
薇,4.22
获胜,4.22
怎么回事,4.22
忽然,4.22
应急,4.22
山脉,4.22
容量,4.22
走路,4.21
这话,4.21
醒来,4.21
闪,4.21
问问,4.21
隧道,4.21
鱼类,4.21
黄河,4.21
鼻子,4.21
程式,4.21
第一位,4.21
细菌,4.21
给出,4.21
统治者,4.21
缘,4.21
聚焦,4.21
寻常,4.21
小小的,4.21
就此,4.21
己,4.21
布置,4.21
监禁,4.21
盯,4.21
真诚,4.21
礼貌,4.21
私,4.21
拘留,4.21
指挥官,4.21
振兴,4.21
捷克,4.21
收取,4.21
斯大林,4.21
解决方案,4.21
调教,4.21
赞助,4.21
永恒,4.21
沙发,4.21
洗澡,4.21
温,4.21
温和,4.21
湖泊,4.21
灵,4.21
生动,4.21
生育,4.21
电报,4.21
留给,4.21
交易所,4.21
伯,4.21
侵害,4.21
债券,4.21
元年,4.21
股价,4.21
胖,4.21
脾气,4.21
船只,4.21
芬兰,4.21
英格兰,4.21
后代,4.21
喜,4.21
园区,4.21
地主,4.21
处分,4.21
一所,4.21
七年,4.21
三位,4.21
不好意思,4.21
不禁,4.21
丑,4.21
丛林,4.21
东风,4.21
中等,4.21
主播,4.21
师父,4.21
平方米,4.21
开办,4.21
总局,4.21
担当,4.21
入学,4.21
八个,4.21
公尺,4.21
制品,4.21
制订,4.21
剧场,4.21
剧院,4.21
卒,4.21
历程,4.21
原住民,4.21
各方,4.21
期刊,4.21
机动,4.21
楚,4.21
民意,4.21
民生,4.21
大片,4.21
好运,4.21
妨碍,4.21
孕妇,4.21
宏观,4.21
客运,4.21
新闻网,4.21
旨在,4.21
时时,4.21
晚间,4.21
曹,4.21
做事,4.2
传来,4.2
两家,4.2
丽,4.2
二十年,4.2
脚步,4.2
大火,4.2
外籍,4.2
墙上,4.2
回事,4.2
嘲笑,4.2
唱片,4.2
注意力,4.2
法西斯,4.2
沙滩,4.2
水准,4.2
此类,4.2
此举,4.2
硬件,4.2
短缺,4.2
目的地,4.2
特务,4.2
旗,4.2
早餐,4.2
有罪,4.2
概率,4.2
刑法,4.2
几十年,4.2
准则,4.2
内裤,4.2
年级,4.2
峰,4.2
容,4.2
家园,4.2
全程,4.2
兑换,4.2
战机,4.2
度假,4.2
奉献,4.2
妹子,4.2
孙中山,4.2
审计,4.2
专区,4.2
一堆,4.2
周五,4.2
名词,4.2
即时,4.2
厚,4.2
参选,4.2
又名,4.2
前夕,4.2
勇士,4.2
勉强,4.2
十一,4.2
记者会,4.2
论证,4.2
语文,4.2
评选,4.2
连线,4.2
逃离,4.2
铺,4.2
镜子,4.2
长时间,4.2
陈述,4.2
泰,4.2
海底,4.2
消防,4.2
漏洞,4.2
火星,4.2
爱好者,4.2
高铁,4.2
陕西省,4.2
颁,4.2
预警,4.2
英国人,4.2
菲,4.2
饲养,4.2
背叛,4.2
排行榜,4.2
摔,4.2
政客,4.2
文革,4.2
近来,4.2
身高,4.2
赌博,4.2
豪华,4.2
罗斯,4.2
膨胀,4.2
手下,4.2
扶贫,4.2
羊,4.2
罚,4.2
芝加哥,4.19
魔鬼,4.19
长久,4.19
首领,4.19
首要,4.19
附加,4.19
迎来,4.19
野兽,4.19
轰,4.19
观赏,4.19
船长,4.19
裁判,4.19
行李,4.19
荒谬,4.19
煽动,4.19
爱人,4.19
鸭,4.19
笑容,4.19
疼痛,4.19
申诉,4.19
用品,4.19
用力,4.19
狠,4.19
献,4.19
现已,4.19
理智,4.19
官僚,4.19
季度,4.19
潜艇,4.19
浴室,4.19
浏览器,4.19
注定,4.19
法学,4.19
此地,4.19
模范,4.19
根据地,4.19
杜,4.19
权限,4.19
景观,4.19
暂,4.19
月初,4.19
未知,4.19
童年,4.19
礼,4.19
直径,4.19
登录,4.19
明朝,4.19
无线电,4.19
自拍,4.19
宾馆,4.19
弹药,4.19
弗,4.19
尚书,4.19
主观,4.19
事务所,4.19
书店,4.19
一杯,4.19
上车,4.19
以免,4.19
互,4.19
两侧,4.19
中级,4.19
主义者,4.19
包裹,4.19
参见,4.19
压制,4.19
多项,4.19
多样,4.19
在外,4.19
囚犯,4.19
受过,4.19
威廉,4.19
威,4.19
一手,4.19
当做,4.19
录取,4.19
很小,4.19
很长,4.19
得出,4.19
忍受,4.19
扑,4.19
探,4.19
改良,4.19
数位,4.19
倾斜,4.19
全集,4.19
刊物,4.19
判,4.19
别墅,4.19
动荡,4.19
隔壁,4.18
邀,4.18
一分,4.18
降落,4.18
郑,4.18
键,4.18
门前,4.18
胖子,4.18
致力,4.18
报酬,4.18
抓紧,4.18
扶,4.18
怀念,4.18
强势,4.18
庄,4.18
干脆,4.18
拨,4.18
时空,4.18
挣,4.18
捍卫,4.18
捐赠,4.18
掀起,4.18
播,4.18
放开,4.18
早安,4.18
嫌犯,4.18
安定,4.18
密集,4.18
寿命,4.18
少数民族,4.18
岁月,4.18
巨,4.18
巨人,4.18
帅,4.18
国家级,4.18
坏事,4.18
堡,4.18
增多,4.18
壳,4.18
大夫,4.18
奖项,4.18
历任,4.18
协作,4.18
华北,4.18
华侨,4.18
午夜,4.18
功,4.18
剩余,4.18
县委,4.18
国人,4.18
反馈,4.18
变形,4.18
口袋,4.18
各省,4.18
周六,4.18
商家,4.18
商标,4.18
中外,4.18
严峻,4.18
专访,4.18
不同于,4.18
上任,4.18
一类,4.18
一百,4.18
乐器,4.18
党派,4.18
健身,4.18
停车场,4.18
侧,4.18
付费,4.18
人次,4.18
事后,4.18
冻结,4.18
飓风,4.18
高压,4.18
终极,4.18
精选,4.18
第二季,4.18
租赁,4.18
秘,4.18
科目,4.18
短信,4.18
着手,4.18
相连,4.18
电源,4.18
生病,4.18
物种,4.18
煤矿,4.18
灵感,4.18
海报,4.18
比如说,4.18
每人,4.18
步兵,4.18
欺负,4.18
有益,4.18
暴动,4.18
遗体,4.18
还给,4.18
路径,4.18
跌,4.18
赶到,4.18
课堂,4.18
诉求,4.18
角落,4.18
西欧,4.18
总量,4.17
恋,4.17
嘉宾,4.17
坐下,4.17
堆,4.17
感激,4.17
成员国,4.17
手臂,4.17
扫,4.17
充,4.17
全长,4.17
共产,4.17
击,4.17
分割,4.17
削弱,4.17
动物园,4.17
餐馆,4.17
口中,4.17
口径,4.17
领导者,4.17
震撼,4.17
陌生人,4.17
阵营,4.17
门槛,4.17
音乐会,4.17
贩卖,4.17
谷歌,4.17
误会,4.17
设法,4.17
被判,4.17
蜡烛,4.17
虾,4.17
车祸,4.17
赖,4.17
患,4.17
意味,4.17
增设,4.17
增进,4.17
外表,4.17
夺,4.17
威力,4.17
累积,4.17
美金,4.17
船上,4.17
开拓,4.17
虫,4.17
思,4.17
泄露,4.17
第一天,4.17
派对,4.17
海边,4.17
深远,4.17
演说,4.17
犹如,4.17
珠宝,4.17
研讨会,4.17
槽,4.17
指向,4.17
新华网,4.17
无所谓,4.17
气质,4.17
殿,4.17
听听,4.17
哈利,4.17
原文,4.17
啪,4.17
重伤,4.17
采集,4.17
远程,4.17
遍,4.17
水库,4.17
沉重,4.17
迷,4.17
世代,4.17
上海市,4.17
不远,4.17
上层,4.17
一幅,4.17
一副,4.17
不曾,4.17
一事,4.17
倡议,4.17
保密,4.17
便于,4.17
人能,4.17
五十,4.17
举措,4.17
废物,4.17
库存,4.17
将近,4.17
导,4.17
宪章,4.17
辖区,4.17
转身,4.17
锁定,4.17
鉴于,4.17
台上,4.16
出场,4.16
出手,4.16
利息,4.16
到位,4.16
一笔,4.16
三分,4.16
上映,4.16
上街,4.16
不住,4.16
楼下,4.16
歌唱,4.16
民营,4.16
汗,4.16
江苏省,4.16
液体,4.16
湿地,4.16
灰,4.16
宣,4.16
小学生,4.16
仍旧,4.16
仪,4.16
优越,4.16
传闻,4.16
充足,4.16
情景,4.16
算法,4.16
米兰,4.16
精华,4.16
纹,4.16
舌头,4.16
节省,4.16
节约,4.16
芯片,4.16
攻,4.16
放到,4.16
半数,4.16
历经,4.16
发作,4.16
受害,4.16
变量,4.16
样本,4.16
路边,4.16
转发,4.16
还原,4.16
连锁,4.16
迪,4.16
钩,4.16
队友,4.16
防护,4.16
爸,4.16
牛肉,4.16
小米,4.16
废弃,4.16
康,4.16
开支,4.16
忍,4.16
第六,4.16
衡量,4.16
证件,4.16
政务,4.16
敢于,4.16
瘦,4.16
生死,4.16
院士,4.16
限于,4.16
起到,4.16
星球,4.16
星期五,4.16
文书,4.16
命题,4.16
圣诞节,4.16
地说,4.16
塑料,4.16
香蕉,4.16
高端,4.16
首长,4.16
除此之外,4.16
败,4.16
贿赂,4.16
赔,4.16
调动,4.16
详情,4.16
祝贺,4.16
睡眠,4.16
直属,4.16
亮相,4.16
奶,4.16
人质,4.16
太原,4.16
中小,4.16
右派,4.16
周一,4.16
手枪,4.16
十个,4.16
剪,4.16
两边,4.16
几点,4.16
冷战,4.16
兰州,4.16
党中央,4.16
免疫,4.16
打工,4.16
招标,4.16
拜访,4.16
拦截,4.16
挂牌,4.16
意识形态,4.16
手工,4.16
去过,4.15
为首,4.15
两地,4.15
丝毫,4.15
不时,4.15
伙,4.15
优雅,4.15
以南,4.15
从没,4.15
友,4.15
双眼,4.15
反弹,4.15
反驳,4.15
制止,4.15
华为,4.15
南昌,4.15
深受,4.15
另类,4.15
可行,4.15
一律,4.15
奴,4.15
尖锐,4.15
小小,4.15
康熙,4.15
小麦,4.15
传出,4.15
使馆,4.15
必定,4.15
怪物,4.15
弱点,4.15
族群,4.15
文本,4.15
分化,4.15
晚会,4.15
晕,4.15
智利,4.15
更改,4.15
木材,4.15
最具,4.15
学派,4.15
下班,4.15
唯,4.15
向上,4.15
根源,4.15
本周,4.15
走私,4.15
讯息,4.15
西班牙语,4.15
装甲,4.15
被动,4.15
衣,4.15
行驶,4.15
行列,4.15
撤退,4.15
写道,4.15
典礼,4.15
公社,4.15
全家,4.15
全国政协,4.15
房价,4.15
总长,4.15
稿,4.15
矿,4.15
睡着,4.15
省委,4.15
独家,4.15
激进,4.15
满洲,4.15
处处,4.15
阴,4.15
备案,4.15
天上,4.15
浓度,4.15
银河,4.15
钉,4.15
速,4.15
这方面,4.15
这天,4.15
锅,4.15
注射,4.15
沿岸,4.15
汽油,4.15
汉堡,4.15
民兵,4.15
运送,4.15
超出,4.15
芙,4.15
按摩,4.15
指引,4.15
拟定,4.15
拒,4.15
手册,4.15
签字,4.15
第三次,4.15
麦克,4.15
鲜花,4.15
高等教育,4.15
集结,4.15
雄,4.15
阶,4.15
腰,4.15
船舶,4.15
脉,4.15
肿瘤,4.15
翘,4.15
饼,4.14
青海,4.14
针,4.14
酷,4.14
遗迹,4.14
偏见,4.14
一词,4.14
一家人,4.14
外出,4.14
填,4.14
地板,4.14
国家队,4.14
国务卿,4.14
咱,4.14
和解,4.14
县城,4.14
原子,4.14
十四,4.14
办事处,4.14
廉价,4.14
年内,4.14
干燥,4.14
布朗,4.14
左翼,4.14
工业化,4.14
山上,4.14
少量,4.14
小事,4.14
传承,4.14
亲属,4.14
中文版,4.14
下达,4.14
下台,4.14
大海,4.14
多大,4.14
朗,4.14
晓得,4.14
日文,4.14
日志,4.14
斩,4.14
排斥,4.14
授,4.14
损伤,4.14
指望,4.14
卫视,4.14
卡通,4.14
卡特,4.14
博览会,4.14
卓越,4.14
彩色,4.14
当晚,4.14
电压,4.14
玛,4.14
猪肉,4.14
猛,4.14
犹豫,4.14
源自,4.14
海盗,4.14
流氓,4.14
流入,4.14
对策,4.14
害死,4.14
妻,4.14
奠定,4.14
天生,4.14
杰,4.14
本届,4.14
调控,4.14
话语,4.14
解析,4.14
解体,4.14
行事,4.14
蒋,4.14
菩萨,4.14
节点,4.14
艾滋病,4.14
担保,4.14
护理,4.14
抢救,4.14
扩建,4.14
执,4.14
省长,4.14
盲目,4.14
鲨鱼,4.14
骨头,4.14
首脑,4.14
法则,4.14
沿着,4.14
氏,4.14
武,4.14
步行,4.14
前任,4.14
刮,4.14
切断,4.14
出任,4.14
冰箱,4.14
内在,4.14
全是,4.14
做梦,4.14
一头,4.14
遗忘,4.14
赐,4.14
至此,4.14
胸部,4.14
纽约时报,4.14
纪,4.14
碎片,4.14
光辉,4.13
公认,4.13
兵团,4.13
垂直,4.13
城里,4.13
塑造,4.13
元首,4.13
初次,4.13
出面,4.13
出境,4.13
出动,4.13
割,4.13
一下子,4.13
一小,4.13
万名,4.13
可不是,4.13
中学生,4.13
两条,4.13
专属,4.13
二年,4.13
以内,4.13
会晤,4.13
外星人,4.13
吊,4.13
吵,4.13
回避,4.13
地步,4.13
伴侣,4.13
总算,4.13
心想,4.13
当场,4.13
强力,4.13
修理,4.13
侠,4.13
你家,4.13
宁夏,4.13
将要,4.13
尼泊尔,4.13
温州,4.13
湖北省,4.13
澄清,4.13
灯光,4.13
戏曲,4.13
打扮,4.13
扫描,4.13
掌控,4.13
摘要,4.13
力气,4.13
劳,4.13
单车,4.13
压抑,4.13
原油,4.13
发觉,4.13
变为,4.13
来不及,4.13
极了,4.13
林业,4.13
核武器,4.13
毕,4.13
毛病,4.13
毫不,4.13
民政,4.13
水面,4.13
大体,4.13
大麻,4.13
太阳能,4.13
姊妹,4.13
智力,4.13
服务业,4.13
束缚,4.13
窗户,4.13
精品,4.13
自豪,4.13
蝴蝶,4.13
特朗普,4.13
献给,4.13
玩笑,4.13
球场,4.13
用以,4.13
数值,4.13
无产阶级,4.13
日后,4.13
智,4.13
表决,4.13
表态,4.13
装修,4.13
诚实,4.13
永,4.13
永不,4.13
法人,4.13
行走,4.13
泛,4.13
防守,4.13
阁,4.13
邓,4.13
避开,4.13
海水,4.13
浅,4.13
洛阳,4.13
诠释,4.13
说实话,4.13
穴,4.13
过年,4.13
跨国,4.13
适宜,4.13
进度,4.13
难受,4.13
雇主,4.13
骨,4.13
白痴,4.13
电器,4.13
皇室,4.13
相遇,4.13
神父,4.13
看上去,4.13
进士,4.13
解开,4.12
重返,4.12
锦标赛,4.12
门票,4.12
蒂,4.12
镜,4.12
锦,4.12
充实,4.12
做成,4.12
中亚,4.12
世纪末,4.12
写成,4.12
一再,4.12
一丝,4.12
专政,4.12
充电,4.12
公交车,4.12
写下,4.12
参谋,4.12
受理,4.12
叛乱,4.12
可谓,4.12
哪怕,4.12
唯有,4.12
商量,4.12
国防部,4.12
处女,4.12
一月,4.12
一枚,4.12
一身,4.12
三名,4.12
下级,4.12
不去,4.12
不可思议,4.12
常识,4.12
底层,4.12
影子,4.12
徐,4.12
德国人,4.12
恰当,4.12
悲惨,4.12
惊,4.12
成年人,4.12
农药,4.12
出入,4.12
分数,4.12
前辈,4.12
化解,4.12
卢,4.12
厌恶,4.12
旅程,4.12
无罪,4.12
无锡,4.12
星星,4.12
景象,4.12
服用,4.12
来得,4.12
来讲,4.12
树木,4.12
大爷,4.12
大西洋,4.12
好几个,4.12
好转,4.12
始于,4.12
审讯,4.12
尚无,4.12
电车,4.12
疗法,4.12
看好,4.12
移植,4.12
空袭,4.12
纲领,4.12
经由,4.12
罗马尼亚,4.12
而后,4.12
战线,4.12
持久,4.12
损坏,4.12
据悉,4.12
收录,4.12
放大,4.12
教科书,4.12
解答,4.12
言论自由,4.12
证人,4.12
语法,4.12
车厢,4.12
轿车,4.12
进驻,4.12
通行,4.12
邮政,4.12
概况,4.12
殴打,4.12
沦为,4.12
沪,4.12
清朝,4.12
灭绝,4.12
理事会,4.12
阻挡,4.12
陷阱,4.12
雅典,4.12
面具,4.12
骑兵,4.12
高涨,4.12
聚,4.12
肮脏,4.12
自发,4.12
自家,4.12
航空公司,4.12
酱,4.12
邻,4.12
中立,4.11
之旅,4.11
也门,4.11
亲吻,4.11
妹,4.11
波斯,4.11
波士顿,4.11
不吃,4.11
导航,4.11
两周,4.11
业主,4.11
尽头,4.11
屁,4.11
山东省,4.11
小朋友,4.11
岩石,4.11
康复,4.11
平稳,4.11
常态,4.11
留学生,4.11
盾,4.11
看似,4.11
延迟,4.11
异议,4.11
立体,4.11
糖果,4.11
十二月,4.11
半天,4.11
受损,4.11
携手,4.11
摩托车,4.11
早点,4.11
明日,4.11
更名,4.11
板块,4.11
歌声,4.11
比利,4.11
比重,4.11
水晶,4.11
沮丧,4.11
视角,4.11
警报,4.11
嫩,4.11
审美,4.11
客机,4.11
澳,4.11
烟草,4.11
物业,4.11
瓦解,4.11
电动,4.11
电流,4.11
赶上,4.11
获利,4.11
葡萄,4.11
社群,4.11
空白,4.11
龟,4.11
房产,4.11
捉,4.11
肉体,4.11
接管,4.11
羞辱,4.11
老鼠,4.11
艰苦,4.11
自私,4.11
苏格兰,4.11
英尺,4.11
进军,4.11
辑,4.11
赞美,4.11
薪水,4.11
见识,4.11
波音,4.11
温泉,4.11
消化,4.11
金色,4.11
走廊,4.11
纤维,4.11
龙头,4.11
黑白,4.11
集成,4.11
难怪,4.11
降临,4.11
判定,4.11
北京大学,4.11
判刑,4.11
人民日报,4.11
女权,4.11
大城市,4.11
经纪,4.11
纪念碑,4.11
诚,4.11
谈谈,4.11
议案,4.11
先行,4.11
僵尸,4.11
伪造,4.11
伦,4.11
会面,4.11
吸引力,4.11
哭泣,4.11
嘴巴,4.11
坦,4.11
堕落,4.11
上半年,4.11
另有,4.11
可不,4.11
奇妙,4.11
奥巴马,4.11
变换,4.11
下雨,4.11
上司,4.11
得分,4.11
户口,4.11
身心,4.1
勋章,4.1
北平,4.1
东欧,4.1
货车,4.1
要点,4.1
楼梯,4.1
夺得,4.1
大叔,4.1
墓地,4.1
处决,4.1
处在,4.1
孔,4.1
促成,4.1
奖学金,4.1
亲王,4.1
仔,4.1
党组,4.1
兑现,4.1
借款,4.1
全球化,4.1
击中,4.1
动摇,4.1
出资,4.1
公务,4.1
扭转,4.1
执照,4.1
发电机,4.1
取决于,4.1
合资,4.1
听众,4.1
呜,4.1
唔,4.1
未成年,4.1
最新消息,4.1
晚餐,4.1
无视,4.1
无情,4.1
无形,4.1
南宁,4.1
千米,4.1
医,4.1
耳,4.1
精心,4.1
战后,4.1
我用,4.1
恐怖主义,4.1
必需,4.1
德里,4.1
御,4.1
彩虹,4.1
强国,4.1
延安,4.1
幼稚,4.1
巡逻,4.1
交付,4.1
二次,4.1
中世纪,4.1
气息,4.1
本性,4.1
本月,4.1
桌子,4.1
首届,4.1
机票,4.1
柴油机,4.1
酒精,4.1
郎,4.1
道具,4.1
逃脱,4.1
追究,4.1
这笔,4.1
运动会,4.1
迎,4.1
改组,4.1
换成,4.1
抛,4.1
箱,4.1
第七,4.1
笨蛋,4.1
碗,4.1
破解,4.1
盒子,4.1
皇上,4.1
白俄罗斯,4.1
留意,4.1
电影节,4.1
玛丽,4.1
屎,4.1
对称,4.1
宣扬,4.1
马丁,4.1
汉人,4.1
鞋子,4.1
火焰,4.1
津贴,4.1
钓鱼,4.1
防卫,4.1
亲切,4.09
产地,4.09
云南省,4.09
了不起,4.09
主机,4.09
中国科学院,4.09
两座,4.09
发文,4.09
发光,4.09
做些,4.09
别忘了,4.09
出路,4.09
减肥,4.09
军阀,4.09
再现,4.09
内政,4.09
山地,4.09
少将,4.09
家具,4.09
实业,4.09
婚,4.09
增至,4.09
固然,4.09
后台,4.09
下车,4.09
三人,4.09
一期,4.09
招募,4.09
找回,4.09
批发,4.09
户籍,4.09
战国,4.09
南斯拉夫,4.09
半夜,4.09
包容,4.09
加密,4.09
券,4.09
幸好,4.09
平日,4.09
带回,4.09
典范,4.09
共计,4.09
公报,4.09
流出,4.09
汇集,4.09
毫无疑问,4.09
步枪,4.09
正要,4.09
威尼斯,4.09
妖,4.09
奉,4.09
多半,4.09
多余,4.09
敲,4.09
改成,4.09
改建,4.09
名额,4.09
同伴,4.09
右手,4.09
老太太,4.09
统筹,4.09
第一季,4.09
竞,4.09
称赞,4.09
性骚扰,4.09
怒,4.09
怀,4.09
得主,4.09
录制,4.09
热心,4.09
激光,4.09
演习,4.09
布什,4.09
巴勒斯坦,4.09
左边,4.09
阿拉,4.09
防空,4.09
长远,4.09
野,4.09
重申,4.09
椅子,4.09
棒球,4.09
来访,4.09
杂,4.09
无能,4.09
行情,4.09
行径,4.09
蜘蛛,4.09
摩擦,4.09
插入,4.09
拿走,4.09
看不见,4.09
玉,4.09
狠狠,4.09
犬,4.09
父子,4.09
风俗,4.09
预约,4.09
霍,4.09
马路,4.09
首度,4.09
饰,4.09
滑,4.09
清华大学,4.09
清代,4.09
逃跑,4.09
这时候,4.09
赛车,4.09
调解,4.09
该校,4.09
蛋白质,4.09
节能,4.09
聘请,4.09
鸟类,4.09
倒闭,4.09
俗称,4.09
供电,4.09
传染,4.09
倾听,4.09
通车,4.08
铜,4.08
良心,4.08
雇佣,4.08
英里,4.08
集团军,4.08
随之,4.08
音乐家,4.08
马克思主义,4.08
段时间,4.08
求助,4.08
汉奸,4.08
订单,4.08
语气,4.08
资产阶级,4.08
视察,4.08
磅,4.08
键盘,4.08
问道,4.08
限度,4.08
陛下,4.08
拉萨,4.08
推迟,4.08
推销,4.08
突,4.08
站台,4.08
第三方,4.08
一则,4.08
一封,4.08
万物,4.08
上空,4.08
售价,4.08
啪啪,4.08
器材,4.08
困惑,4.08
土豆,4.08
体力,4.08
何处,4.08
借助,4.08
关门,4.08
兵力,4.08
养成,4.08
几何,4.08
到时候,4.08
先是,4.08
克斯,4.08
兑,4.08
全书,4.08
八卦,4.08
巨额,4.08
师生,4.08
帐篷,4.08
帕,4.08
带上,4.08
发电厂,4.08
发音,4.08
召唤,4.08
右边,4.08
号称,4.08
同类,4.08
名声,4.08
向来,4.08
战区,4.08
所知,4.08
手表,4.08
抬,4.08
拆迁,4.08
从业,4.08
代表性,4.08
以致,4.08
嫌,4.08
字体,4.08
安心,4.08
官兵,4.08
客户端,4.08
对照,4.08
届时,4.08
展出,4.08
有种,4.08
校区,4.08
案子,4.08
棋牌,4.08
步伐,4.08
削减,4.08
反对派,4.08
反恐,4.08
强暴,4.08
归属,4.08
征求,4.08
律,4.08
心理学,4.08
态势,4.08
恐慌,4.08
悠久,4.08
用地,4.08
电话号码,4.08
电路,4.08
疯子,4.08
瘫痪,4.08
多伦多,4.08
奔,4.08
娱乐场,4.08
掩饰,4.08
握,4.08
揭开,4.08
改装,4.08
斯特,4.08
昂贵,4.08
春季,4.08
有毒,4.08
羡慕,4.08
而成,4.08
联手,4.08
胆,4.08
胡锦涛,4.08
平凡,4.08
应用程序,4.08
引爆,4.08
江湖,4.08
河道,4.08
治愈,4.08
下游,4.08
专科,4.08
东侧,4.08
东北部,4.08
事宜,4.08
赤,4.08
辅导,4.08
过往,4.08
迟到,4.08
禁令,4.08
泄漏,4.08
法国人,4.08
演绎,4.08
爵士,4.08
现身,4.08
秋,4.08
终点,4.08
终究,4.08
绘,4.08
维也纳,4.08
美少女,4.08
不适,4.07
何必,4.07
上游,4.07
三点,4.07
发展中国家,4.07
三十年,4.07
华夏,4.07
十一月,4.07
动用,4.07
卡片,4.07
动乱,4.07
功率,4.07
凑,4.07
剧烈,4.07
其间,4.07
入狱,4.07
克拉,4.07
光线,4.07
大妈,4.07
外地,4.07
中旬,4.07
主教,4.07
付款,4.07
份额,4.07
伯爵,4.07
伴,4.07
女郎,4.07
大雨,4.07
外语,4.07
外长,4.07
奶粉,4.07
搜寻,4.07
推送,4.07
探测,4.07
抗日战争,4.07
扇,4.07
惯例,4.07
恐吓,4.07
心意,4.07
归还,4.07
归来,4.07
信誉,4.07
侵入,4.07
依托,4.07
带头,4.07
尼克,4.07
小伙子,4.07
安全性,4.07
宅,4.07
姐,4.07
比率,4.07
民族主义,4.07
水利,4.07
流血,4.07
涂,4.07
涌现,4.07
幅度,4.07
建制,4.07
开业,4.07
热闹,4.07
狂热,4.07
猴子,4.07
琴,4.07
百分点,4.07
省政府,4.07
秋天,4.07
称作,4.07
管理局,4.07
素材,4.07
放过,4.07
散发,4.07
整整,4.07
喜悦,4.07
团长,4.07
复苏,4.07
晋升,4.07
晋级,4.07
最少,4.07
最美,4.07
机车,4.07
来源于,4.07
模,4.07
星际,4.07
航天,4.07
航行,4.07
繁殖,4.07
终端,4.07
绿化,4.07
新一代,4.07
新任,4.07
裁定,4.07
解决问题,4.07
议论,4.07
虚构,4.07
词语,4.07
闪电,4.07
肌肤,4.07
膜,4.07
缓和,4.07
香烟,4.07
饥饿,4.07
韦,4.07
震动,4.07
雕塑,4.07
雕像,4.07
灰色,4.07
火力,4.07
混凝土,4.07
造就,4.07
身后,4.07
贪婪,4.07
责,4.07
财物,4.07
谓,4.07
陪伴,4.07
那年,4.07
配件,4.06
阐明,4.06
集中营,4.06
这套,4.06
运营商,4.06
过时,4.06
迄今,4.06
起草,4.06
误,4.06
诅咒,4.06
校对,4.06
释,4.06
量子,4.06
预告,4.06
条文,4.06
标准化,4.06
闲,4.06
邪,4.06
进出,4.06
中央政府,4.06
一千,4.06
上床,4.06
为名,4.06
书面,4.06
交叉,4.06
人大常委会,4.06
以至,4.06
严密,4.06
主页,4.06
两点,4.06
体育场,4.06
低下,4.06
传到,4.06
债,4.06
凝聚,4.06
再生,4.06
出事,4.06
内存,4.06
几种,4.06
参照,4.06
只想,4.06
可悲,4.06
周二,4.06
国度,4.06
圣人,4.06
坐标,4.06
坪,4.06
域,4.06
填补,4.06
壮大,4.06
处理器,4.06
天体,4.06
九个,4.06
九州,4.06
书法,4.06
容忍,4.06
宽容,4.06
寮,4.06
局限,4.06
屋子,4.06
屋里,4.06
崭新,4.06
幼儿,4.06
引领,4.06
忠实,4.06
念头,4.06
恐龙,4.06
感冒,4.06
列举,4.06
十六,4.06
南亚,4.06
担,4.06
按钮,4.06
捕鱼,4.06
推特上,4.06
揭示,4.06
放手,4.06
新版,4.06
无敌,4.06
旧金山,4.06
星期日,4.06
普通话,4.06
本事,4.06
术语,4.06
夺冠,4.06
子宫,4.06
宁可,4.06
楼上,4.06
泪,4.06
流失,4.06
清华,4.06
瀑布,4.06
点燃,4.06
牌子,4.06
直线,4.06
知识产权,4.06
短篇,4.06
确信,4.06
穆罕默德,4.06
童,4.06
打断,4.06
投机,4.06
报刊,4.06
粤语,4.06
糟,4.06
索尼,4.06
红包,4.06
红旗,4.06
织,4.06
维基,4.06
维生素,4.06
罗伯特,4.06
荷,4.06
虚伪,4.06
血统,4.06
行人,4.06
童话,4.06
管理员,4.06
粉碎,4.06
风波,4.06
首个,4.06
高中生,4.06
高原,4.06
解雇,4.06
警官,4.06
警察局,4.06
追加,4.05
避,4.05
阵地,4.05
除外,4.05
雇员,4.05
预,4.05
定性,4.05
客厅,4.05
宪政,4.05
容纳,4.05
乘坐,4.05
事迹,4.05
住院,4.05
航母,4.05
营地,4.05
落地,4.05
藉由,4.05
衍生,4.05
表格,4.05
所长,4.05
打印,4.05
技,4.05
报仇,4.05
句子,4.05
国情,4.05
地形,4.05
东莞,4.05
丝袜,4.05
两大,4.05
中将,4.05
为啥,4.05
之名,4.05
婊子,4.05
定制,4.05
定居,4.05
暴雨,4.05
本能,4.05
枪击,4.05
栋,4.05
小人,4.05
巴拿马,4.05
市政,4.05
体质,4.05
俄语,4.05
信徒,4.05
信赖,4.05
借鉴,4.05
兔子,4.05
想过,4.05
我妈,4.05
战友,4.05
碎,4.05
简易,4.05
缘故,4.05
缺席,4.05
拉美,4.05
挫折,4.05
挽救,4.05
城墙,4.05
复合,4.05
大自然,4.05
太过,4.05
奴役,4.05
好久,4.05
教徒,4.05
数年,4.05
族人,4.05
赏,4.05
路口,4.05
轨迹,4.05
转为,4.05
栏目,4.05
桑,4.05
橡胶,4.05
建构,4.05
开发商,4.05
弃,4.05
快要,4.05
快递,4.05
悲哀,4.05
特种,4.05
王室,4.05
电气,4.05
骨干,4.05
鸿,4.05
鼓舞,4.05
脏,4.05
臀,4.05
致敬,4.05
接纳,4.05
掩护,4.05
揭秘,4.05
摄像头,4.05
摇滚,4.05
救济,4.05
裙子,4.05
解说,4.05
贱,4.05
轰炸机,4.05
迫切,4.05
迷人,4.05
民事,4.05
气味,4.05
测验,4.05
浙江省,4.05
灾区,4.05
烧毁,4.05
颠覆,4.05
首府,4.05
首批,4.05
内幕,4.05
况且,4.05
刻意,4.05
华丽,4.05
发售,4.05
受益,4.05
古城,4.05
一切都是,4.05
三十,4.05
上路,4.05
阴道,4.04
门外,4.04
镑,4.04
里头,4.04
选用,4.04
远东,4.04
许可证,4.04
议程,4.04
警员,4.04
河南省,4.04
民调,4.04
残疾,4.04
残,4.04
歌剧,4.04
枢纽,4.04
致死,4.04
自学,4.04
脂肪,4.04
齐全,4.04
顾,4.04
集资,4.04
陆地,4.04
做饭,4.04
促,4.04
作法,4.04
位居,4.04
一万,4.04
休,4.04
产权,4.04
互助,4.04
三角,4.04
一艘,4.04
一体化,4.04
史料,4.04
友人,4.04
厨师,4.04
单词,4.04
这片,4.04
辣,4.04
软弱,4.04
警,4.04
莎,4.04
英寸,4.04
英勇,4.04
艾伦,4.04
舍,4.04
北韩,4.04
加热,4.04
刻,4.04
光芒,4.04
光学,4.04
健,4.04
多万,4.04
塞尔维亚,4.04
堵,4.04
坚守,4.04
均衡,4.04
图形,4.04
国共,4.04
乡下,4.04
为例,4.04
串,4.04
两项,4.04
丢脸,4.04
不便,4.04
合肥,4.04
各大,4.04
号线,4.04
拨款,4.04
抽烟,4.04
抨击,4.04
扬,4.04
想不到,4.04
恒星,4.04
怪异,4.04
分会,4.04
减弱,4.04
凉,4.04
农田,4.04
公子,4.04
入选,4.04
奶子,4.04
女主角,4.04
套餐,4.04
材,4.04
机体,4.04
朕,4.04
月光,4.04
明代,4.04
日渐,4.04
旅游业,4.04
四川省,4.04
噪音,4.04
哥们,4.04
咯,4.04
否决,4.04
后勤,4.04
推理,4.04
接口,4.04
拳头,4.04
猎人,4.04
演化,4.04
湖南省,4.04
游击队,4.04
消极,4.04
泽,4.04
泥,4.04
心脏病,4.04
年末,4.04
年份,4.04
干线,4.04
小屋,4.04
婆婆,4.04
构想,4.04
极品,4.04
来往,4.04
肩膀,4.04
老年,4.04
粘,4.04
竹,4.04
稳步,4.04
税务,4.04
碰撞,4.04
数码,4.04
放置,4.04
放入,4.04
改制,4.04
收看,4.04
摩,4.04
珍惜,4.04
玛丽亚,4.04
猛烈,4.04
超人,4.04
贺,4.04
账,4.04
谜,4.04
矿产,4.04
矮,4.04
盒,4.04
病情,4.04
畅销,4.04
甩,4.04
轻轻,4.03
辩,4.03
过世,4.03
通话,4.03
采纳,4.03
重重,4.03
限定,4.03
雇用,4.03
领地,4.03
饮,4.03
高低,4.03
高出,4.03
高大,4.03
胜出,4.03
脸书,4.03
自有,4.03
比尔,4.03
比特,4.03
民俗,4.03
洋,4.03
港澳,4.03
滋味,4.03
说谎,4.03
豆腐,4.03
财政部,4.03
赞扬,4.03
赶走,4.03
趋,4.03
轮胎,4.03
疑似,4.03
盛大,4.03
直觉,4.03
不介意,4.03
不妨,4.03
之战,4.03
倒霉,4.03
借贷,4.03
全国性,4.03
军团,4.03
军警,4.03
农夫,4.03
凶,4.03
蔓延,4.03
血管,4.03
裸体,4.03
订阅,4.03
讨,4.03
让步,4.03
历代,4.03
历史性,4.03
取出,4.03
合法性,4.03
吉他,4.03
名牌,4.03
向往,4.03
乌鲁木齐,4.03
交代,4.03
人造,4.03
众议院,4.03
传言,4.03
伪装,4.03
体积,4.03
侦查,4.03
侧面,4.03
地中海,4.03
坊,4.03
声誉,4.03
处长,4.03
多媒体,4.03
女童,4.03
嫉妒,4.03
分辨,4.03
制成,4.03
制造商,4.03
前所未有,4.03
前方,4.03
务实,4.03
势必,4.03
化妆品,4.03
卧室,4.03
建材,4.03
开关,4.03
开出,4.03
开来,4.03
恰好,4.03
感叹,4.03
戳,4.03
吵架,4.03
呵,4.03
呼,4.03
回合,4.03
因应,4.03
图表,4.03
圆满,4.03
圣母,4.03
圣诞,4.03
旅行社,4.03
时段,4.03
昔日,4.03
显现,4.03
曹操,4.03
最有,4.03
期货,4.03
嫌疑人,4.03
寺庙,4.03
寻,4.03
小偷,4.03
尾巴,4.03
岂,4.03
幸存者,4.03
庆,4.03
延期,4.03
滴,4.03
炼,4.03
熊猫,4.03
特工,4.03
独裁者,4.03
珍珠,4.03
生前,4.03
打出,4.03
打扰,4.03
扶持,4.03
抄,4.03
挥,4.03
接连,4.03
撒谎,4.03
操作系统,4.03
效能,4.03
租金,4.03
秦,4.03
答复,4.03
美学,4.03
老妈,4.03
肖,4.03
胃,4.03
村里,4.03
格外,4.03
桂林,4.03
知乎,4.03
知名度,4.03
硬币,4.03
礼仪,4.03
祖父,4.03
祷告,4.03
际,4.02
革新,4.02
预订,4.02
风气,4.02
饱,4.02
魏,4.02
编码,4.02
缺口,4.02
老是,4.02
耻辱,4.02
自慰,4.02
葬礼,4.02
视线,4.02
解脱,4.02
诡异,4.02
赠送,4.02
蹲,4.02
身旁,4.02
过敏,4.02
迈,4.02
这回,4.02
阵容,4.02
渔民,4.02
点子,4.02
牢,4.02
上门,4.02
下一代,4.02
下手,4.02
电机,4.02
疏散,4.02
盛行,4.02
离去,4.02
离子,4.02
私下,4.02
科学技术,4.02
突击,4.02
第一名,4.02
第三个,4.02
组长,4.02
经贸,4.02
结尾,4.02
旧址,4.02
昆虫,4.02
星座,4.02
严谨,4.02
中毒,4.02
仓,4.02
休假,4.02
低头,4.02
侵权,4.02
促销,4.02
保住,4.02
保养,4.02
偿还,4.02
共和党,4.02
典,4.02
写出,4.02
出炉,4.02
前去,4.02
前锋,4.02
力学,4.02
区划,4.02
十足,4.02
南极,4.02
卡斯,4.02
发财,4.02
受害人,4.02
史密斯,4.02
吃惊,4.02
吞,4.02
不合,4.02
不已,4.02
世间,4.02
坚信,4.02
墙壁,4.02
增添,4.02
备受,4.02
复活,4.02
大象,4.02
太好了,4.02
央行,4.02
失效,4.02
委内瑞拉,4.02
威尔,4.02
宝石,4.02
实事求是,4.02
军舰,4.02
冠,4.02
净化,4.02
就是说,4.02
岛国,4.02
开发区,4.02
彭,4.02
徐州,4.02
德语,4.02
心目,4.02
必将,4.02
恰恰,4.02
战车,4.02
手工业,4.02
打架,4.02
扬州,4.02
吸烟,4.02
嘉,4.02
坐牢,4.02
拘捕,4.02
招收,4.02
拼命,4.02
捏,4.02
换取,4.02
搬迁,4.02
支付宝,4.02
支柱,4.02
政局,4.02
散布,4.02
散文,4.02
文化大革命,4.02
日常生活,4.02
宫殿,4.02
宾,4.02
小岛,4.02
月球,4.02
有事,4.02
望远镜,4.02
格拉,4.02
桃园,4.02
桃花,4.02
桶,4.02
模块,4.02
此人,4.02
比喻,4.02
污水,4.02
注明,4.02
浓厚,4.02
投资人,4.02
报社,4.02
拔,4.02
翼,4.01
纳税,4.01
紧紧,4.01
糖尿病,4.01
精致,4.01
筛选,4.01
第一部,4.01
面子,4.01
隶属于,4.01
隐形,4.01
阿曼,4.01
阿尔巴尼亚,4.01
闯入,4.01
闯,4.01
长征,4.01
金刚,4.01
岩,4.01
寒冷,4.01
定律,4.01
注释,4.01
沾,4.01
油价,4.01
河北省,4.01
沙特,4.01
武术,4.01
正统,4.01
玩意,4.01
狗狗,4.01
烹饪,4.01
清真寺,4.01
深圳市,4.01
深厚,4.01
连同,4.01
返,4.01
躲避,4.01
浪潮,4.01
流向,4.01
派出所,4.01
论点,4.01
讲究,4.01
袋,4.01
衰退,4.01
荡,4.01
茨,4.01
致富,4.01
联军,4.01
耕地,4.01
逃走,4.01
两只,4.01
丑陋,4.01
不惜,4.01
不宜,4.01
下岗,4.01
上校,4.01
上将,4.01
一门,4.01
一轮,4.01
一趟,4.01
欢呼,4.01
服役,4.01
晚饭,4.01
时会,4.01
日电,4.01
日出,4.01
无条件,4.01
敬,4.01
搭乘,4.01
笔记本,4.01
竞技,4.01
科普,4.01
目睹,4.01
界面,4.01
甜蜜,4.01
理所当然,4.01
分公司,4.01
几句,4.01
再有,4.01
公开信,4.01
八大,4.01
克里斯,4.01
充当,4.01
债权人,4.01
信奉,4.01
俘虏,4.01
依次,4.01
供应商,4.01
会场,4.01
人身,4.01
亲近,4.01
中药,4.01
呐,4.01
启蒙,4.01
同等,4.01
合计,4.01
发给,4.01
反革命,4.01
反省,4.01
县长,4.01
华语,4.01
华裔,4.01
半导体,4.01
升高,4.01
化妆,4.01
勇,4.01
利亚,4.01
删,4.01
宁静,4.01
孤单,4.01
孤儿,4.01
字样,4.01
女婿,4.01
头条,4.01
大纲,4.01
大王,4.01
多位,4.01
外交官,4.01
复习,4.01
填写,4.01
基础设施,4.01
垫,4.01
国际法,4.01
呵呵,4.01
捧,4.01
拉丁,4.01
托马斯,4.01
户外,4.01
或者说,4.01
懒,4.01
悬挂,4.01
急剧,4.01
开战,4.01
店里,4.01
广义,4.01
平行,4.01
布雷,4.01
走势,4.01
贷,4.01
贬值,4.01
黎明,4.01
馒头,4.01
饲料,4.01
厂家,4.0
化石,4.0
匹配,4.0
卫生部,4.0
冒犯,4.0
全场,4.0
公安局,4.0
内衣,4.0
全国人民代表大会,4.0
假定,4.0
全会,4.0
兔,4.0
做个,4.0
伞,4.0
信件,4.0
倾,4.0
妃,4.0
奔驰,4.0
套路,4.0
好笑,4.0
失业率,4.0
发达国家,4.0
合作社,4.0
吸血鬼,4.0
役,4.0
得名,4.0
德军,4.0
心思,4.0
忧虑,4.0
哲学家,4.0
国防部长,4.0
图库,4.0
呼唤,4.0
圣地,4.0
座谈会,4.0
序列,4.0
客服,4.0
定价,4.0
完工,4.0
完备,4.0
安抚,4.0
安妮,4.0
学问,4.0
娃,4.0
姬,4.0
日内瓦,4.0
文集,4.0
文库,4.0
救灾,4.0
撞击,4.0
太棒了,4.0
天津市,4.0
多多,4.0
搜查,4.0
搬家,4.0
摘,4.0
第一届,4.0
等候,4.0
粒子,4.0
经纪人,4.0
结盟,4.0
明亮,4.0
景,4.0
曼哈顿,4.0
曼谷,4.0
替换,4.0
最先,4.0
梦见,4.0
概括,4.0
榜样,4.0
残疾人,4.0
水源,4.0
泡沫,4.0
泰勒,4.0
流亡,4.0
源头,4.0
激起,4.0
情人节,4.0
扒,4.0
打仗,4.0
打包,4.0
抗拒,4.0
挣钱,4.0
捕捉,4.0
捞,4.0
热潮,4.0
牠,4.0
狩猎,4.0
设在,4.0
说起,4.0
贯穿,4.0
部件,4.0
里程,4.0
珠海,4.0
理财,4.0
用心,4.0
环境保护,4.0
用水,4.0
问候,4.0
饿死,4.0
鸦片,4.0
行星,4.0
表彰,4.0
要死,4.0
鲜血,4.0
高尚,4.0
茶叶,4.0
联网,4.0
肤色,4.0
维多利亚,4.0
缠,4.0
缴纳,4.0
耍,4.0
耗费,4.0
票房,4.0
示威者,4.0
疑惑,4.0
丢失,4.0
一战,4.0
下场,4.0
长安,4.0
乙,4.0
两场,4.0
乖乖,4.0
人口普查,4.0
一出,4.0
交出,4.0
九龙,4.0
世俗,4.0
一中,4.0
九年,4.0
过得,3.99
这本,3.99
遍布,3.99
迟早,3.99
遣返,3.99
迁徙,3.99
车间,3.99
赞赏,3.99
说好,3.99
词典,3.99
麦当劳,3.99
魔女,3.99
鼓吹,3.99
风情,3.99
飞弹,3.99
餐饮,3.99
驾驶员,3.99
骆驼,3.99
连环,3.99
下半年,3.99
不堪,3.99
下方,3.99
天真,3.99
学士,3.99
学期,3.99
寨,3.99
中国人民解放军,3.99
中止,3.99
临近,3.99
丹尼,3.99
买下,3.99
乳房,3.99
争执,3.99
亲友,3.99
亲手,3.99
亲身,3.99
他家,3.99
回族,3.99
中产阶级,3.99
专心,3.99
两会,3.99
不服,3.99
不难,3.99
冷漠,3.99
保加利亚,3.99
低温,3.99
企鹅,3.99
内陆,3.99
万个,3.99
上限,3.99
口罩,3.99
历来,3.99
勿,3.99
勾结,3.99
募集,3.99
势头,3.99
刷新,3.99
分析师,3.99
排行,3.99
挥舞,3.99
指挥部,3.99
拥挤,3.99
拖延,3.99
启,3.99
唤醒,3.99
呃,3.99
惊奇,3.99
戒,3.99
手持,3.99
泪水,3.99
流浪,3.99
消费品,3.99
润,3.99
灌溉,3.99
崔,3.99
师范,3.99
并购,3.99
庄园,3.99
强劲,3.99
强盗,3.99
强硬,3.99
彷佛,3.99
棺材,3.99
树林,3.99
杀戮,3.99
机枪,3.99
未曾,3.99
有望,3.99
放映,3.99
揭发,3.99
诊所,3.99
蛋白,3.99
获悉,3.99
英镑,3.99
良,3.99
欺诈,3.99
治国,3.99
河内,3.99
禁忌,3.99
矿业,3.99
知晓,3.99
盼,3.99
盟友,3.99
病房,3.99
电子书,3.99
甘,3.99
青睐,3.99
零件,3.99
阳台,3.99
销毁,3.99
邻国,3.99
精神病,3.99
肺炎,3.99
空前,3.99
十五年,3.98
倒退,3.98
借用,3.98
出狱,3.98
创伤,3.98
加重,3.98
动人,3.98
国立,3.98
喉咙,3.98
后裔,3.98
后方,3.98
如果说,3.98
大部份,3.98
大米,3.98
壁画,3.98
司令部,3.98
右翼,3.98
业界,3.98
下旬,3.98
弘扬,3.98
弦,3.98
得不到,3.98
忙碌,3.98
总统府,3.98
恋人,3.98
惠,3.98
战事,3.98
千里,3.98
占用,3.98
卷入,3.98
一旁,3.98
侦察,3.98
何况,3.98
传教,3.98
优美,3.98
星期二,3.98
易于,3.98
无非,3.98
无能为力,3.98
无耻,3.98
文档,3.98
整治,3.98
教义,3.98
开端,3.98
干隆,3.98
信托,3.98
保护区,3.98
敌对,3.98
接吻,3.98
可疑,3.98
可恶,3.98
梦幻,3.98
检讨,3.98
民用,3.98
泛滥,3.98
活泼,3.98
漫画家,3.98
潜水,3.98
点儿,3.98
县级,3.98
双向,3.98
反之,3.98
反感,3.98
招待,3.98
抽象,3.98
披,3.98
战斗力,3.98
路过,3.98
赫,3.98
赢家,3.98
该市,3.98
记述,3.98
譬如,3.98
落下,3.98
范冰冰,3.98
档次,3.98
标识,3.98
峰会,3.98
少妇,3.98
尊,3.98
完结,3.98
安卓,3.98
妖精,3.98
纵然,3.98
粤,3.98
管家,3.98
筑,3.98
第一步,3.98
第一批,3.98
窗,3.98
祖母,3.98
社会学,3.98
瞒,3.98
掌,3.98
挑衅,3.98
本站,3.98
最高法院,3.98
暑假,3.98
晋,3.98
百合,3.98
高科技,3.98
着想,3.98
杰克,3.98
自卫,3.98
胜过,3.98
极力,3.98
交战,3.98
两面,3.98
事发,3.98
之心,3.98
井,3.98
预料,3.98
野心,3.98
辛,3.98
身影,3.98
风雨,3.98
骚乱,3.98
编程,3.98
线下,3.98
翅膀,3.98
网球,3.98
考量,3.98
老外,3.98
烈士,3.98
烫,3.98
熟练,3.98
狱中,3.98
一口气,3.97
一阵子,3.97
一脸,3.97
一票,3.97
两张,3.97
争吵,3.97
之地,3.97
丧生,3.97
争端,3.97
雕刻,3.97
静,3.97
预报,3.97
首发,3.97
飞船,3.97
议长,3.97
训,3.97
隆,3.97
解密,3.97
警卫,3.97
订购,3.97
衬衫,3.97
关切,3.97
刘少奇,3.97
全美,3.97
大腿,3.97
太平,3.97
坡,3.97
关键词,3.97
勇于,3.97
华东,3.97
头衔,3.97
失落,3.97
嘴唇,3.97
哲,3.97
围攻,3.97
围墙,3.97
总有,3.97
性交,3.97
忠,3.97
引来,3.97
建筑师,3.97
店铺,3.97
底部,3.97
幼女,3.97
干旱,3.97
幕,3.97
倒数,3.97
侵蚀,3.97
低估,3.97
优异,3.97
仁,3.97
二号,3.97
样式,3.97
机能,3.97
机电,3.97
有的是,3.97
星期四,3.97
斤,3.97
收缩,3.97
国军,3.97
华尔街,3.97
协,3.97
反共,3.97
参与者,3.97
呗,3.97
周三,3.97
捐,3.97
掌声,3.97
揉,3.97
君子,3.97
口气,3.97
可乐,3.97
相片,3.97
盗版,3.97
留下来,3.97
发酵,3.97
福特,3.97
祭祀,3.97
票价,3.97
祈求,3.97
存放,3.97
子公司,3.97
始建,3.97
契机,3.97
蠢,3.97
荣,3.97
艺术品,3.97
舱,3.97
胡说八道,3.97
胡子,3.97
美方,3.97
町,3.97
环绕,3.97
特质,3.97
已知,3.97
左手,3.97
拳,3.97
拿破仑,3.97
绅士,3.97
结晶,3.97
罢免,3.97
担负,3.97
扎实,3.97
执导,3.97
邮报,3.97
遏制,3.97
逃亡,3.97
恐怖分子,3.97
闽,3.97
长篇,3.97
长子,3.97
重庆市,3.97
涌,3.97
深处,3.97
该党,3.97
起步,3.97
辽,3.97
浓,3.97
死伤,3.97
水质,3.97
纪委,3.97
纳税人,3.97
纽,3.97
驴,3.97
梨,3.97
福音,3.97
米尔,3.97
筹,3.97
金山,3.96
阵线,3.96
阻力,3.96
阿尔,3.96
限额,3.96
陶瓷,3.96
顶尖,3.96
饶,3.96
马德里,3.96
高雄,3.96
魔术,3.96
清水,3.96
漏,3.96
照明,3.96
物理学,3.96
玛利亚,3.96
生日快乐,3.96
货运,3.96
贪腐,3.96
越是,3.96
轮流,3.96
辞,3.96
运算,3.96
远方,3.96
追逐,3.96
逼近,3.96
那条,3.96
一模一样,3.96
下落,3.96
不小,3.96
中日,3.96
主人公,3.96
京都,3.96
人民检察院,3.96
以至于,3.96
会同,3.96
全能,3.96
公立,3.96
公职,3.96
兼任,3.96
分行,3.96
利比亚,3.96
医学院,3.96
历时,3.96
原型,3.96
发型,3.96
黎巴嫩,3.96
黑客,3.96
鼓,3.96
虽说,3.96
补给,3.96
表述,3.96
订立,3.96
该死,3.96
负债,3.96
合力,3.96
哈佛,3.96
喝茶,3.96
囚禁,3.96
国际化,3.96
圆形,3.96
在职,3.96
地处,3.96
地盘,3.96
地铁站,3.96
但愿,3.96
低级,3.96
保全,3.96
傍晚,3.96
先驱,3.96
克林顿,3.96
天皇,3.96
头痛,3.96
夸,3.96
奏,3.96
实名,3.96
实名制,3.96
实录,3.96
容许,3.96
富豪,3.96
就读,3.96
发扬,3.96
发现自己,3.96
取决,3.96
取自,3.96
口头,3.96
台词,3.96
影院,3.96
恤,3.96
感应,3.96
所致,3.96
打压,3.96
扩,3.96
扰乱,3.96
投产,3.96
挨,3.96
提早,3.96
坠毁,3.96
外交部长,3.96
多重,3.96
夜里,3.96
大局,3.96
大神,3.96
显示器,3.96
杆,3.96
枪杀,3.96
查处,3.96
检索,3.96
法师,3.96
洛克,3.96
浪,3.96
混淆,3.96
添,3.96
尽情,3.96
居于,3.96
已婚,3.96
已成,3.96
开发者,3.96
弱势,3.96
男士,3.96
疑,3.96
相爱,3.96
相等,3.96
看成,3.96
督察,3.96
短短,3.96
确诊,3.96
移交,3.96
税率,3.96
搭建,3.96
搭档,3.96
携,3.96
斯坦,3.96
新高,3.96
星期天,3.96
绘制,3.96
编译,3.96
缩,3.96
置于,3.96
老挝,3.96
老爸,3.96
耶路撒冷,3.96
臣,3.96
葡萄酒,3.96
藏族,3.96
立案,3.96
立法院,3.96
第八,3.96
精准,3.96
纪念日,3.96
细致,3.96
食堂,3.95
验收,3.95
黑帮,3.95
认得,3.95
证词,3.95
评级,3.95
路透社,3.95
转而,3.95
轻微,3.95
迈进,3.95
述,3.95
退役,3.95
道教,3.95
阻挠,3.95
难免,3.95
难看,3.95
顿时,3.95
颈,3.95
额度,3.95
一圈,3.95
一点儿,3.95
章程,3.95
竣工,3.95
笨,3.95
第二次世界大战,3.95
系数,3.95
紫,3.95
继承人,3.95
维权,3.95
缩写,3.95
老家,3.95
船员,3.95
英超,3.95
落入,3.95
西北部,3.95
解剖,3.95
警局,3.95
一页,3.95
三分之一,3.95
三千,3.95
三条,3.95
上报,3.95
上方,3.95
不合理,3.95
不容,3.95
中央电视台,3.95
之意,3.95
乎,3.95
乐意,3.95
亦可,3.95
产能,3.95
享用,3.95
亭,3.95
住宿,3.95
住所,3.95
体育馆,3.95
佛山,3.95
侵占,3.95
保佑,3.95
克里,3.95
公关,3.95
其后,3.95
写给,3.95
冰淇淋,3.95
决战,3.95
分区,3.95
分局,3.95
分工,3.95
创下,3.95
功效,3.95
劳动者,3.95
半小时,3.95
华文,3.95
卖掉,3.95
叉,3.95
友善,3.95
反响,3.95
反射,3.95
吉隆坡,3.95
吕,3.95
呦,3.95
周四,3.95
哈萨克斯坦,3.95
国安,3.95
增大,3.95
夏威夷,3.95
大姐,3.95
大屠杀,3.95
奈,3.95
妥善,3.95
妮,3.95
姑姑,3.95
子孙,3.95
守卫,3.95
定向,3.95
定罪,3.95
宜,3.95
害羞,3.95
宽松,3.95
察觉,3.95
小于,3.95
就行了,3.95
尼日利亚,3.95
屏,3.95
山寨,3.95
山顶,3.95
工地,3.95
巧合,3.95
帝国主义,3.95
干活,3.95
幽灵,3.95
广州市,3.95
张开,3.95
影展,3.95
徒刑,3.95
得意,3.95
忧郁,3.95
总公司,3.95
悄悄,3.95
成千上万,3.95
扁,3.95
手动,3.95
执政党,3.95
扩充,3.95
抉择,3.95
抬头,3.95
支部,3.95
收养,3.95
攻势,3.95
数千,3.95
数额,3.95
新华,3.95
日夜,3.95
晚期,3.95
普通人,3.95
有待,3.95
机械化,3.95
果实,3.95
查理,3.95
核准,3.95
桌上,3.95
检,3.95
樱花,3.95
毒药,3.95
水电,3.95
汤姆,3.95
波特,3.95
涨幅,3.95
淘宝,3.95
清算,3.95
滑雪,3.95
灿烂,3.95
热线,3.95
片子,3.95
狂欢,3.95
玩弄,3.95
生殖,3.95
用作,3.95
皇宫,3.95
相差,3.95
相近,3.95
真有,3.95
破裂,3.95
神仙,3.95
站点,3.95
鹿,3.94
高贵,3.94
高档,3.94
联合国教科文组织,3.94
职场,3.94
粉红色,3.94
篇文章,3.94
策,3.94
章节,3.94
私营,3.94
砖,3.94
矿物,3.94
石家庄,3.94
盗窃,3.94
过错,3.94
过剩,3.94
王者,3.94
猜想,3.94
特意,3.94
点评,3.94
激活,3.94
游览,3.94
清新,3.94
涨价,3.94
沼泽,3.94
池,3.94
警惕,3.94
触及,3.94
角逐,3.94
西侧,3.94
袭,3.94
被害人,3.94
追溯,3.94
进出口,3.94
迈阿密,3.94
输送,3.94
载体,3.94
转入,3.94
驾,3.94
顺着,3.94
面对面,3.94
非得,3.94
雨水,3.94
长得,3.94
重心,3.94
逆,3.94
江西省,3.94
水域,3.94
水上,3.94
氧气,3.94
比分,3.94
正直,3.94
袁,3.94
蚂蚁,3.94
营救,3.94
草莓,3.94
自带,3.94
踏上,3.94
趋向,3.94
起身,3.94
话剧,3.94
讲师,3.94
仆人,3.94
人马,3.94
交涉,3.94
亚美尼亚,3.94
之子,3.94
乃是,3.94
中队,3.94
东汉,3.94
与否,3.94
不下,3.94
上场,3.94
一整天,3.94
一世,3.94
冯,3.94
农作物,3.94
军用,3.94
军民,3.94
兵器,3.94
公然,3.94
停下,3.94
做过,3.94
做生意,3.94
假日,3.94
倒塌,3.94
修正案,3.94
保管,3.94
传授,3.94
份子,3.94
仇,3.94
启示,3.94
合金,3.94
古怪,3.94
变异,3.94
双边,3.94
南美,3.94
单个,3.94
化合物,3.94
办案,3.94
剧团,3.94
刺杀,3.94
创始,3.94
切割,3.94
凯,3.94
准时,3.94
决定性,3.94
废话,3.94
废止,3.94
巨头,3.94
屏蔽,3.94
尼斯,3.94
宣誓,3.94
实物,3.94
实战,3.94
学业,3.94
存活,3.94
奇特,3.94
多谢,3.94
备忘录,3.94
处死,3.94
四位,3.94
嘿,3.94
收听,3.94
擅自,3.94
插图,3.94
接著,3.94
接手,3.94
抚养,3.94
打发,3.94
息,3.94
总和,3.94
总值,3.94
怀抱,3.94
心跳,3.94
得罪,3.94
弯,3.94
异性,3.94
建于,3.94
概述,3.94
样品,3.94
查尔斯,3.94
杠杆,3.94
机组,3.94
机上,3.94
末日,3.94
有史以来,3.94
有何,3.94
更高,3.94
时装,3.94
时事,3.94
日趋,3.94
施压,3.94
数次,3.94
放假,3.94
人民网,3.93
人称,3.93
介,3.93
通讯社,3.93
遗留,3.93
野外,3.93
金字塔,3.93
镇上,3.93
院子,3.93
震,3.93
顾虑,3.93
颁奖,3.93
饥荒,3.93
驾车,3.93
骚货,3.93
共产党员,3.93
写信,3.93
农历,3.93
冰岛,3.93
万能,3.93
上市公司,3.93
不通,3.93
不靠,3.93
丢掉,3.93
严禁,3.93
中央军委,3.93
二手,3.93
二者,3.93
五千,3.93
哄,3.93
哩,3.93
喵,3.93
复仇,3.93
会计师,3.93
低调,3.93
作弊,3.93
佩服,3.93
修行,3.93
倘若,3.93
候,3.93
做人,3.93
傻子,3.93
儿女,3.93
党组织,3.93
全方位,3.93
实地,3.93
实话,3.93
宴会,3.93
小姑娘,3.93
冶金,3.93
创造性,3.93
加深,3.93
占地,3.93
卫队,3.93
发誓,3.93
取缔,3.93
口音,3.93
右侧,3.93
听从,3.93
吸毒,3.93
呼声,3.93
才华,3.93
指着,3.93
授课,3.93
探险,3.93
外形,3.93
外援,3.93
夜夜,3.93
大军,3.93
大理,3.93
妇,3.93
姜,3.93
学界,3.93
安宁,3.93
安徽省,3.93
官场,3.93
实例,3.93
来信,3.93
柱,3.93
格里,3.93
横,3.93
尖,3.93
尖叫,3.93
已然,3.93
帖,3.93
常有,3.93
开幕式,3.93
开花,3.93
思索,3.93
总计,3.93
您好,3.93
所用,3.93
手套,3.93
真空,3.93
着急,3.93
瞩目,3.93
矣,3.93
接见,3.93
控诉,3.93
摇,3.93
攻占,3.93
散步,3.93
文化部,3.93
无名,3.93
日本政府,3.93
有期徒刑,3.93
服务员,3.93
本案,3.93
村子,3.93
膝盖,3.93
自制,3.93
艳,3.93
蕾,3.93
沿用,3.93
津,3.93
涉,3.93
热血,3.93
熬,3.93
爱德华,3.93
牵,3.93
狐狸,3.93
狭窄,3.93
玩意儿,3.93
理应,3.93
用语,3.93
迟迟,3.93
送往,3.93
送来,3.93
逆转,3.93
研讨,3.93
磨,3.93
禁区,3.93
种族歧视,3.93
稳固,3.93
精美,3.93
绝大部分,3.93
缺失,3.93
罩,3.93
羞耻,3.93
胎儿,3.93
脚下,3.93
鲸,3.93
警戒,3.93
计量,3.93
讨伐,3.93
评论家,3.93
请教,3.93
豪,3.93
跪下,3.93
踪,3.93
车票,3.93
迈克尔,3.93
运河,3.93
进修,3.93
以北,3.93
企,3.93
众所周知,3.93
预见,3.92
马来,3.92
画作,3.92
电视机,3.92
电缆,3.92
瓜,3.92
瑞,3.92
物理学家,3.92
爸妈,3.92
烟台,3.92
炉,3.92
溜,3.92
誓言,3.92
见过,3.92
西洋,3.92
被控,3.92
问答,3.92
逛,3.92
违纪,3.92
过多,3.92
输给,3.92
车队,3.92
身穿,3.92
路面,3.92
路易斯,3.92
责任感,3.92
调用,3.92
讲解,3.92
音响,3.92
一次性,3.92
一幕,3.92
一双,3.92
街区,3.92
衔接,3.92
仪表,3.92
仙,3.92
亮点,3.92
事态,3.92
之夜,3.92
举例,3.92
主宰,3.92
中小学,3.92
两倍,3.92
不足以,3.92
不起,3.92
不详,3.92
不佳,3.92
下周,3.92
上天,3.92
一连串,3.92
历年,3.92
南路,3.92
十字架,3.92
区内,3.92
加油站,3.92
加勒比,3.92
功课,3.92
力争,3.92
利物浦,3.92
出访,3.92
出局,3.92
出土,3.92
公投,3.92
催,3.92
侵,3.92
体操,3.92
客车,3.92
好听,3.92
奔跑,3.92
天文,3.92
外人,3.92
处以,3.92
国民经济,3.92
国民政府,3.92
品味,3.92
咳嗽,3.92
听话,3.92
同名,3.92
古迹,3.92
口岸,3.92
反倒,3.92
厌倦,3.92
得奖,3.92
废墟,3.92
底线,3.92
幻觉,3.92
平方,3.92
帝王,3.92
市内,3.92
巨型,3.92
巧妙,3.92
巡抚,3.92
尽早,3.92
就任,3.92
对决,3.92
寡妇,3.92
富人,3.92
宫廷,3.92
政府部门,3.92
政委,3.92
摩洛哥,3.92
搭载,3.92
接种,3.92
拼音,3.92
拉拉,3.92
押,3.92
投放,3.92
打招呼,3.92
房租,3.92
戒指,3.92
惨案,3.92
悬崖,3.92
急需,3.92
微生物,3.92
淹没,3.92
深层,3.92
海里,3.92
洞穴,3.92
沿线,3.92
河谷,3.92
死后,3.92
末期,3.92
朝阳,3.92
无不,3.92
旅途,3.92
斯里兰卡,3.92
斯洛伐克,3.92
文凭,3.92
文中,3.92
教程,3.92
磁场,3.92
石化,3.92
着力,3.92
真是太,3.92
看作,3.92
皇,3.92
骑马,3.92
获准,3.92
花样,3.92
自卫队,3.92
缝,3.92
维尔,3.92
绳,3.92
紧缩,3.92
简洁,3.92
社论,3.92
隐患,3.92
降价,3.92
阵,3.92
防线,3.92
面上,3.92
蘑菇,3.92
销,3.91
长期以来,3.91
雇,3.91
青蛙,3.91
预先,3.91
风云,3.91
风光,3.91
风力,3.91
高举,3.91
高山,3.91
黑社会,3.91
袜子,3.91
西瓜,3.91
计划生育,3.91
评分,3.91
贪,3.91
贵阳,3.91
越过,3.91
身处,3.91
车型,3.91
转播,3.91
轴,3.91
辽宁省,3.91
这样的话,3.91
迷惑,3.91
采矿,3.91
重现,3.91
离不开,3.91
离职,3.91
秋季,3.91
稍后,3.91
稳定性,3.91
五百,3.91
亚当,3.91
伏,3.91
传感器,3.91
住处,3.91
体检,3.91
关押,3.91
准许,3.91
击落,3.91
到场,3.91
副作用,3.91
务必,3.91
北上,3.91
匹,3.91
升起,3.91
参战,3.91
发泄,3.91
一回,3.91
一派,3.91
三家,3.91
不知不觉,3.91
东南部,3.91
唐代,3.91
商贸,3.91
回想,3.91
夏日,3.91
多方,3.91
大幅度,3.91
夸大,3.91
奴隶制,3.91
官司,3.91
审视,3.91
宣判,3.91
使者,3.91
供水,3.91
俱,3.91
偏偏,3.91
入手,3.91
尸,3.91
岸,3.91
往事,3.91
征集,3.91
得来,3.91
悉尼,3.91
患有,3.91
情势,3.91
感恩,3.91
承办,3.91
折腾,3.91
叙,3.91
台阶,3.91
各处,3.91
后退,3.91
哈佛大学,3.91
抵,3.91
拉斯,3.91
宣战,3.91
小丑,3.91
小男孩,3.91
尝,3.91
尤为,3.91
立足,3.91
紫色,3.91
红利,3.91
经济效益,3.91
维吾尔,3.91
美国国会,3.91
美妙,3.91
肾,3.91
腔,3.91
自此,3.91
菜单,3.91
求职,3.91
汉子,3.91
沈,3.91
法兰西,3.91
测定,3.91
渡,3.91
激怒,3.91
牵引,3.91
瑜,3.91
申,3.91
界限,3.91
相识,3.91
着重,3.91
瞧瞧,3.91
研,3.91
破碎,3.91
景色,3.91
暗中,3.91
最深,3.91
有如,3.91
木头,3.91
教养,3.91
数学家,3.91
文盲,3.91
无须,3.91
早年,3.91
明知,3.91
星系,3.91
显而易见,3.91
普京,3.91
来回,3.91
枕头,3.91
林彪,3.91
染,3.91
柯,3.91
柳,3.91
此种,3.91
死因,3.91
死神,3.91
民航,3.91
氧化,3.91
损,3.91
支队,3.91
收买,3.91
放宽,3.91
敌军,3.91
默默,3.9
鳄,3.9
阁下,3.9
门户,3.9
重生,3.9
重回,3.9
遇害,3.9
递交,3.9
适,3.9
迹,3.9
这群,3.9
边上,3.9
辞去,3.9
车牌,3.9
负荷,3.9
课本,3.9
四十,3.9
喜好,3.9
哪有,3.9
响起,3.9
咪,3.9
慰问,3.9
意向,3.9
想来,3.9
悲观,3.9
恐,3.9
必备,3.9
放出,3.9
撤回,3.9
摩根,3.9
掌管,3.9
捅,3.9
汉中,3.9
水分,3.9
残留,3.9
武功,3.9
款项,3.9
栽培,3.9
查出,3.9
窗外,3.9
突袭,3.9
突发,3.9
矿山,3.9
盛,3.9
电子商务,3.9
电厂,3.9
现场直播,3.9
王牌,3.9
物语,3.9
游泳池,3.9
液,3.9
流水,3.9
洗脑,3.9
油画,3.9
沦陷,3.9
胡同,3.9
老爷,3.9
老年人,3.9
编纂,3.9
绰号,3.9
线性,3.9
纲,3.9
粉红,3.9
管理者,3.9
请来,3.9
解救,3.9
觉悟,3.9
行销,3.9
葬,3.9
荣幸,3.9
荒唐,3.9
草根,3.9
腹部,3.9
脚本,3.9
专员,3.9
不理,3.9
不怎么,3.9
上衣,3.9
一班,3.9
弹劾,3.9
开火,3.9
开庭,3.9
巨星,3.9
岗,3.9
山谷,3.9
屌,3.9
尚有,3.9
小队,3.9
寸,3.9
朝着,3.9
有限责任,3.9
早日,3.9
无穷,3.9
方位,3.9
新城,3.9
养生,3.9
入住,3.9
先知,3.9
何在,3.9
低价,3.9
仲裁,3.9
以东,3.9
代号,3.9
交替,3.9
交互,3.9
亡,3.9
二氧化碳,3.9
予,3.9
丸,3.9
丰,3.9
个案,3.9
咦,3.9
司法部,3.9
可耻,3.9
发烧,3.9
原告,3.9
印发,3.9
南美洲,3.9
区块,3.9
劳务,3.9
加勒比海,3.9
利害,3.9
刑,3.9
分级,3.9
冷却,3.9
兼顾,3.9
兼并,3.9
宽度,3.9
容器,3.9
大炮,3.9
大叫,3.9
坟墓,3.9
地表,3.9
圈子,3.9
固定资产,3.9
固体,3.9
园林,3.9
四名,3.9
拉姆,3.9
抵押,3.9
报价,3.9
戈,3.9
慷慨,3.9
终生,3.89
看吧,3.89
精液,3.89
笑声,3.89
科举,3.89
电视节目,3.89
百货,3.89
目前为止,3.89
用到,3.89
现时,3.89
瓦斯,3.89
用人,3.89
玩法,3.89
诱人,3.89
装有,3.89
要不然,3.89
试试看,3.89
藉口,3.89
隆重,3.89
陪同,3.89
阴茎,3.89
裁员,3.89
身子,3.89
逐年,3.89
通货膨胀,3.89
造反,3.89
耐,3.89
罐,3.89
给钱,3.89
鹰,3.89
领事馆,3.89
非凡,3.89
霸权,3.89
霾,3.89
防水,3.89
鉴,3.89
铅,3.89
跑道,3.89
调度,3.89
趣味,3.89
贫,3.89
剪辑,3.89
嘲讽,3.89
商城,3.89
商会,3.89
前列,3.89
前行,3.89
剧中,3.89
刚果,3.89
全县,3.89
出差,3.89
决不,3.89
全局,3.89
偷拍,3.89
偏离,3.89
偏向,3.89
修炼,3.89
保险公司,3.89
免除,3.89
克罗地亚,3.89
儒家,3.89
传记,3.89
余地,3.89
例行,3.89
亚州,3.89
中小企业,3.89
亚太,3.89
事变,3.89
之力,3.89
不必要,3.89
不快,3.89
中型,3.89
不公,3.89
一团,3.89
三百,3.89
三项,3.89
一倍,3.89
日晚,3.89
晚年,3.89
智库,3.89
宝马,3.89
小狗,3.89
峡谷,3.89
巡视,3.89
干掉,3.89
平息,3.89
并用,3.89
彰显,3.89
徒弟,3.89
德意志,3.89
快感,3.89
怎能,3.89
性生活,3.89
性行为,3.89
恶性,3.89
战舰,3.89
抵御,3.89
招呼,3.89
指纹,3.89
推崇,3.89
握手,3.89
攀升,3.89
政体,3.89
教宗,3.89
敞开,3.89
数个,3.89
文化遗产,3.89
斜,3.89
无偿,3.89
活在,3.89
流泪,3.89
海口,3.89
李鹏,3.89
力求,3.89
华南,3.89
卖淫,3.89
印度人,3.89
厂房,3.89
发病,3.89
叙事,3.89
史诗,3.89
吉利,3.89
后宫,3.89
否,3.89
哈萨克,3.89
墨尔本,3.89
外套,3.89
多达,3.89
四季,3.89
国企,3.89
地下水,3.89
坚实,3.89
埋葬,3.89
大将,3.89
天线,3.89
太监,3.89
大专,3.89
头像,3.89
宝藏,3.89
定为,3.89
安理会,3.89
牧场,3.89
聚合,3.89
自然资源,3.89
海运,3.89
条目,3.89
林肯,3.89
果断,3.89
核电,3.89
格林,3.89
正视,3.89
武汉市,3.89
武警,3.89
歪,3.89
残暴,3.89
水流,3.89
沿革,3.89
蒸汽,3.89
薄弱,3.89
萎缩,3.89
热量,3.89
渲染,3.89
滨海,3.89
演示,3.89
估算,3.88
兆,3.88
偏好,3.88
作文,3.88
古人,3.88
召回,3.88
可信,3.88
可观,3.88
名片,3.88
前身,3.88
加班,3.88
勤劳,3.88
分组,3.88
传给,3.88
介于,3.88
京东,3.88
中兴,3.88
下辖,3.88
不符,3.88
不管怎样,3.88
主题曲,3.88
一瓶,3.88
万平方米,3.88
万里,3.88
三峡,3.88
买家,3.88
买单,3.88
乞丐,3.88
举止,3.88
哪来,3.88
呐喊,3.88
图文,3.88
十万,3.88
单曲,3.88
原地,3.88
叛徒,3.88
关爱,3.88
公有,3.88
免于,3.88
凸显,3.88
出血,3.88
